desktop,Name[zh_TW],GenericName[zh_TW],Comment[zh_TW],Name[zh_CN],GenericName[zh_CN],Comment[zh_CN],Name,Name[zh_HK],GenericName[zh_HK],Comment[zh_HK],Categories
#ezgomenu start,,,,,,,,,,,
#辦公,,,,,,,,,,,
openoffice.org-writer.desktop,文書處理_Writer,類似 Microsoft Word 的文書處理軟體，特別的是可以跨平台使用，並且符合 ODF 國際標準格式,文書處理_Writer,文书处理_Writer,类似MicrosoftWord的文书处理软件，特别的是可以跨平台使用，并且符合ODF国际标准格式,文书处理_Writer,WordProcessor_Writer,文書處理_Writer,類似 Microsoft Word 的文書處理軟體，特別的是可以跨平台使用，並且符合 ODF 國際標準格式,文書處理_Writer,Office;
openoffice.org-calc.desktop,試算表_Calc,類似 Microsoft Excel 的試算表軟體，特別的是可以跨平台使用，並且符合 ODF 國際標準格式,試算表_Calc,电子表格_Calc,类似MicrosoftExcel的电子表格软件，特别的是可以跨平台使用，并且符合ODF国际标准格式,电子表格_Calc,SpreadSheet_Calc,試算表_Calc,類似 Microsoft Excel 的試算表軟體，特別的是可以跨平台使用，並且符合 ODF 國際標準格式,試算表_Calc,Office;
openoffice.org-impress.desktop,簡報_Impress,類似 Microsoft PowerPoint 的簡報軟體，特別的是可以跨平台使用，並且符合 ODF 國際標準格式,簡報_Impress,演示幻灯片_Impress,类似MicrosoftPowerPoint的演示幻灯片软件，特别的是可以跨平台使用，并且符合ODF国际标准格式,演示幻灯片_Impress,Presentation_Impress,簡報_Impress,類似 Microsoft PowerPoint 的簡報軟體，特別的是可以跨平台使用，並且符合 ODF 國際標準格式,簡報_Impress,Office;
openoffice.org-draw.desktop,繪圖_Draw,利用 Office 軟體的使用思維即可輕鬆的繪製向量圖,繪圖_Draw,画图_Draw,利用Office软件的使用思维即可轻松的绘制向量图,画图_Draw,Graphics_Draw,繪圖_Draw,利用 Office 軟體的使用思維即可輕鬆的繪製向量圖,繪圖_Draw,Office;
openoffice.org-base.desktop,資料庫_Base,類似 Microsoft Access 的資料庫軟體，特別的是可以跨平台使用，並且符合 ODF 國際標準格式,資料庫_Base,数据库_Base,类似MicrosoftAccess的数据库软件，特别的是可以跨平台使用，并且符合ODF国际标准格式,数据库_Base,Database_Base,資料庫_Base,類似 Microsoft Access 的資料庫軟體，特別的是可以跨平台使用，並且符合 ODF 國際標準格式,資料庫_Base,Office;
libreoffice-writer.desktop,文書處理_Writer,類似 Microsoft Word 的文書處理軟體，特別的是可以跨平台使用，並且符合 ODF 國際標準格式,文書處理_Writer,文书处理_Writer,类似MicrosoftWord的文书处理软件，特别的是可以跨平台使用，并且符合ODF国际标准格式,文书处理_Writer,WordProcessor_Writer,文書處理_Writer,類似 Microsoft Word 的文書處理軟體，特別的是可以跨平台使用，並且符合 ODF 國際標準格式,文書處理_Writer,Office;
libreoffice-calc.desktop,試算表_Calc,類似 Microsoft Excel 的試算表軟體，特別的是可以跨平台使用，並且符合 ODF 國際標準格式,試算表_Calc,数字表格_Calc,类似MicrosoftExcel的数字表格软件，特别的是可以跨平台使用，并且符合ODF国际标准格式,数字表格_Calc,SpreadSheet_Calc,試算表_Calc,類似 Microsoft Excel 的試算表軟體，特別的是可以跨平台使用，並且符合 ODF 國際標準格式,試算表_Calc,Office;
libreoffice-impress.desktop,簡報_Impress,類似 Microsoft PowerPoint 的簡報軟體，特別的是可以跨平台使用，並且符合 ODF 國際標準格式,簡報_Impress,演示幻灯片_Impress,类似MicrosoftPowerPoint的演示幻灯片软件，特别的是可以跨平台使用，并且符合ODF国际标准格式,演示幻灯片_Impress,Presentation_Impress,簡報_Impress,類似 Microsoft PowerPoint 的簡報軟體，特別的是可以跨平台使用，並且符合 ODF 國際標準格式,簡報_Impress,Office;
libreoffice-draw.desktop,繪圖_Draw,利用 Office 軟體的使用思維即可輕鬆的繪製向量圖,繪圖_Draw,画图_Draw,利用Office软件的使用思维即可轻松的绘制向量图,画图_Draw,Graphics_Draw,繪圖_Draw,利用 Office 軟體的使用思維即可輕鬆的繪製向量圖,繪圖_Draw,Office;
libreoffice-base.desktop,資料庫_Base,類似 Microsoft Access 的資料庫軟體，特別的是可以跨平台使用，並且符合 ODF 國際標準格式,資料庫_Base,数据库_Base,类似MicrosoftAccess的数据库软件，特别的是可以跨平台使用，并且符合ODF国际标准格式,数据库_Base,Database_Base,資料庫_Base,類似 Microsoft Access 的資料庫軟體，特別的是可以跨平台使用，並且符合 ODF 國際標準格式,資料庫_Base,Office;
libreoffice-math.desktop,公式編輯_Math,LibreOffice 上可以做數學公式編輯的軟體,公式編輯_Math,公式编辑_Math,LibreOffice 上可以做数学公式编辑的软件,公式编辑_Math,Formula_Math,公式編輯_Math,LibreOffice 上可以做數學公式編輯的軟體,公式編輯_Math,Office;
libreoffice-startcenter.desktop,整合應用_LibreOffice,LibreOffice 的入口,整合應用_LibreOffice,整合应用_LibreOffice,LibreOffice的入口,整合应用_LibreOffice,Office_LibreOffice,整合應用_LibreOffice,LibreOffice 的入口,整合應用_LibreOffice,Office;
oxoffice5-writer.desktop,文書處理_Writer,類似 Microsoft Word 的文書處理軟體，特別的是可以跨平台使用，並且符合 ODF 國際標準格式,文書處理_Writer,文书处理_Writer,类似MicrosoftWord的文书处理软件，特别的是可以跨平台使用，并且符合ODF国际标准格式,文书处理_Writer,WordProcessor_Writer,文書處理_Writer,類似 Microsoft Word 的文書處理軟體，特別的是可以跨平台使用，並且符合 ODF 國際標準格式,文書處理_Writer,Office;
oxoffice5-calc.desktop,試算表_Calc,類似 Microsoft Excel 的試算表軟體，特別的是可以跨平台使用，並且符合 ODF 國際標準格式,試算表_Calc,数字表格_Calc,类似MicrosoftExcel的数字表格软件，特别的是可以跨平台使用，并且符合ODF国际标准格式,数字表格_Calc,SpreadSheet_Calc,試算表_Calc,類似 Microsoft Excel 的試算表軟體，特別的是可以跨平台使用，並且符合 ODF 國際標準格式,試算表_Calc,Office;
oxoffice5-impress.desktop,簡報_Impress,類似 Microsoft PowerPoint 的簡報軟體，特別的是可以跨平台使用，並且符合 ODF 國際標準格式,簡報_Impress,演示幻灯片_Impress,类似MicrosoftPowerPoint的演示幻灯片软件，特别的是可以跨平台使用，并且符合ODF国际标准格式,演示幻灯片_Impress,Presentation_Impress,簡報_Impress,類似 Microsoft PowerPoint 的簡報軟體，特別的是可以跨平台使用，並且符合 ODF 國際標準格式,簡報_Impress,Office;
oxoffice5-draw.desktop,繪圖_Draw,利用 Office 軟體的使用思維即可輕鬆的繪製向量圖,繪圖_Draw,画图_Draw,利用Office软件的使用思维即可轻松的绘制向量图,画图_Draw,Graphics_Draw,繪圖_Draw,利用 Office 軟體的使用思維即可輕鬆的繪製向量圖,繪圖_Draw,Office;
oxoffice5-base.desktop,資料庫_Base,類似 Microsoft Access 的資料庫軟體，特別的是可以跨平台使用，並且符合 ODF 國際標準格式,資料庫_Base,数据库_Base,类似MicrosoftAccess的数据库软件，特别的是可以跨平台使用，并且符合ODF国际标准格式,数据库_Base,Database_Base,資料庫_Base,類似 Microsoft Access 的資料庫軟體，特別的是可以跨平台使用，並且符合 ODF 國際標準格式,資料庫_Base,Office;
oxoffice5-math.desktop,公式編輯_Math,OxOffice 上可以做數學公式編輯的軟體,公式編輯_Math,公式编辑_Math,OxOffice 上可以做数学公式编辑的软件,公式编辑_Math,Formula_Math,公式編輯_Math,OxOffice 上可以做數學公式編輯的軟體,公式編輯_Math,Office;
oxoffice5-startcenter.desktop,整合應用_OxOffice,OxOffice 的入口,整合應用_OxOffice,整合应用_OxOffice,OxOffice的入口,整合应用_OxOffice,Office_OxOffice,整合應用_OxOffice,OxOffice 的入口,整合應用_OxOffice,Office;
oxoffice6-writer.desktop,文書處理_Writer,類似 Microsoft Word 的文書處理軟體，特別的是可以跨平台使用，並且符合 ODF 國際標準格式,文書處理_Writer,文书处理_Writer,类似MicrosoftWord的文书处理软件，特别的是可以跨平台使用，并且符合ODF国际标准格式,文书处理_Writer,WordProcessor_Writer,文書處理_Writer,類似 Microsoft Word 的文書處理軟體，特別的是可以跨平台使用，並且符合 ODF 國際標準格式,文書處理_Writer,Office;
oxoffice6-calc.desktop,試算表_Calc,類似 Microsoft Excel 的試算表軟體，特別的是可以跨平台使用，並且符合 ODF 國際標準格式,試算表_Calc,数字表格_Calc,类似MicrosoftExcel的数字表格软件，特别的是可以跨平台使用，并且符合ODF国际标准格式,数字表格_Calc,SpreadSheet_Calc,試算表_Calc,類似 Microsoft Excel 的試算表軟體，特別的是可以跨平台使用，並且符合 ODF 國際標準格式,試算表_Calc,Office;
oxoffice6-impress.desktop,簡報_Impress,類似 Microsoft PowerPoint 的簡報軟體，特別的是可以跨平台使用，並且符合 ODF 國際標準格式,簡報_Impress,演示幻灯片_Impress,类似MicrosoftPowerPoint的演示幻灯片软件，特别的是可以跨平台使用，并且符合ODF国际标准格式,演示幻灯片_Impress,Presentation_Impress,簡報_Impress,類似 Microsoft PowerPoint 的簡報軟體，特別的是可以跨平台使用，並且符合 ODF 國際標準格式,簡報_Impress,Office;
oxoffice6-draw.desktop,繪圖_Draw,利用 Office 軟體的使用思維即可輕鬆的繪製向量圖,繪圖_Draw,画图_Draw,利用Office软件的使用思维即可轻松的绘制向量图,画图_Draw,Graphics_Draw,繪圖_Draw,利用 Office 軟體的使用思維即可輕鬆的繪製向量圖,繪圖_Draw,Office;
oxoffice6-base.desktop,資料庫_Base,類似 Microsoft Access 的資料庫軟體，特別的是可以跨平台使用，並且符合 ODF 國際標準格式,資料庫_Base,数据库_Base,类似MicrosoftAccess的数据库软件，特别的是可以跨平台使用，并且符合ODF国际标准格式,数据库_Base,Database_Base,資料庫_Base,類似 Microsoft Access 的資料庫軟體，特別的是可以跨平台使用，並且符合 ODF 國際標準格式,資料庫_Base,Office;
oxoffice6-math.desktop,公式編輯_Math,OxOffice 上可以做數學公式編輯的軟體,公式編輯_Math,公式编辑_Math,OxOffice 上可以做数学公式编辑的软件,公式编辑_Math,Formula_Math,公式編輯_Math,OxOffice 上可以做數學公式編輯的軟體,公式編輯_Math,Office;
oxoffice6-startcenter.desktop,整合應用_OxOffice,OxOffice 的入口,整合應用_OxOffice,整合应用_OxOffice,OxOffice的入口,整合应用_OxOffice,Office_OxOffice,整合應用_OxOffice,OxOffice 的入口,整合應用_OxOffice,Office;
# abiword.desktop: 20141107 added by Franklin,,,,,,,,,,,
abiword.desktop,文書處理_Abiword,簡易的文書處理軟體,文書處理_Abiword,文书处理_Abiword,简易的文书处理软件,文书处理_Abiword,WordProcessor_Abiword,文書處理_Abiword,簡易的文書處理軟體,文書處理_Abiword,Office;
dia-common.desktop,辧公室製圖_Dia,Dia 提供模組化的設計工具來製圖，如流程圖、網路圖、電路圖等，都可以利用 Dia 輕鬆繪製,辧公室製圖_Dia,办公室制图_Dia,Dia提供模块化的设计工具来制图，如流程图、网络图、电路图等，都可以利用Dia轻松绘制,办公室制图_Dia,Diagram_Dia,辧公室製圖_Dia,Dia 提供模組化的設計工具來製圖，如流程圖、網路圖、電路圖等，都可以利用 Dia 輕鬆繪製,辧公室製圖_Dia,Office;
dia.desktop,圖表繪製_Dia,Dia 提供模組化的設計工具來製圖，如流程圖、網路圖、電路圖等，都可以利用 Dia 輕鬆繪製,圖表繪製_Dia,图表绘制_Dia,Dia提供模块化的设计工具来制图，如流程图、网络图、电路图等，都可以利用Dia轻松绘制,图表绘制_Dia,Diagram_Dia,圖表繪製_Dia,Dia 提供模組化的設計工具來製圖，如流程圖、網路圖、電路圖等，都可以利用 Dia 輕鬆繪製,圖表繪製_Dia,Office;
pencil.desktop,圖表繪製_Pencil,圖表繪製軟體,圖表繪製_Pencil,图表绘制_Pencil,图表绘制软件,图表绘制_Pencil,Diagram_Pencil,圖表繪製_Pencil,圖表繪製軟體,圖表繪製_Pencil,Office;
freeplane.desktop,心智圖_FreePlane,可輕鬆繪製心智圖的工具軟體,心智圖_FreePlane,思维导图_FreePlane,可轻松绘制思维导图的工具软件,思维导图_FreePlane,Mindmap_FreePlane,心智圖_FreePlane,可輕鬆繪製心智圖的工具軟體,心智圖_FreePlane,Office;
xmind.desktop,心智圖_XMind,可輕鬆繪製心智圖、組織圖、魚骨圖的工具軟體,心智圖_XMind,思维导图_XMind,可轻松绘制思维导图、组织图、鱼骨图的工具软件,思维导图_XMind,Mindmap_XMind,心智圖_XMind,可輕鬆繪製心智圖、組織圖、魚骨圖的工具軟體,心智圖_XMind,Office;
freemind.desktop,心智圖_FreeMind,可輕鬆繪製心智圖、組織圖的工具軟體,心智圖_FreeMind,思维导图_FreeMind,可轻松绘制思维导图、组织图的工具软件,思维导图_FreeMind,Mindmap_FreeMind,心智圖_FreeMind,可輕鬆繪製心智圖、組織圖的工具軟體,心智圖_FreeMind,Office;
planner.desktop,專案管理_Planner,Planner 擁有大多數專案管理工具都有的功能，像是甘特圖。除此之外，Planner 還有其他獨特的功能，像是儲存為XML檔,專案管理_Planner,项目管理_Planner,Planner拥有大多数专案管理工具都有的功能，像是甘特图。除此之外，Planner還有其他獨特的功能，像是儲存為XML檔,项目管理_Planner,ProjectManaging_Planner,專案管理_Planner,Planner 擁有大多數專案管理工具都有的功能，像是甘特圖。除此之外，Planner 還有其他獨特的功能，像是儲存為XML檔,專案管理_Planner,Office;
GanttProject.desktop,專案管理_GanttProject,GanttProject 是一套跨平台的專案管理工具，可用於專案規劃與管理,專案管理_GanttProject,项目管理_GanttProject,GanttProject是一套跨平台的专案管理工具，可用于专案规划与管理,项目管理_GanttProject,ProjectManaging_GanttProject,專案管理_GanttProject,GanttProject 是一套跨平台的專案管理工具，可用於專案規劃與管理,專案管理_GanttProject,Office;
calibre.desktop,電子書_Calibre,電子書閱讀軟體,電子書_Calibre,电子书_Calibre,电子书阅读软件,电子书_Calibre,eBook_Calibre,電子書_Calibre,電子書閱讀軟體,電子書_Calibre,Office;
calibre-gui.desktop,電子書_Calibre,Calibre 是一套功能算齊全的電子書管理工具，支援多種文件格式，它除了提供電子書閱讀的功能以外，還有管理、轉換及同步等功能。,電子書_Calibre,电子书_Calibre,Calibre是一套功能算齐全的电子书管理工具，支持多种文件格式，它除了提供电子书阅读的功能以外，还有管理、转换及同步等功能。,电子书_Calibre,eBook_Calibre,電子書_Calibre,Calibre 是一套功能算齊全的電子書管理工具，支援多種文件格式，它除了提供電子書閱讀的功能以外，還有管理、轉換及同步等功能。,電子書_Calibre,Office;
calibre-ebook-viewer.desktop,電子書_E-book Viewer,提供電子書閱讀的功能,電子書_E-book Viewer,电子书_E-bookViewer,提供电子书阅读的功能,电子书_E-bookViewer,eBook_E-book Viewer,電子書_E-book Viewer,提供電子書閱讀的功能,電子書_E-book Viewer,Office;
calibre-ebook-edit.desktop,電子書編輯_E-bookEditor,提供電子書編輯的功能,電子書_E-bookEditor,电子书_E-bookEditor,提供电子书编辑的功能,电子书_E-bookEditor,eBook_E-book Editor,電子書_E-book Editor,提供電子書編輯的功能,電子書編輯_E-book Editor,Office;
ebook-viewer.desktop,電子書_E-book Viewer,提供電子書閱讀的功能,電子書_E-book Viewer,电子书_E-bookViewer,提供电子书阅读的功能,电子书_E-bookViewer,eBook_E-book Viewer,電子書_E-book Viewer,提供電子書閱讀的功能,電子書_E-book Viewer,Office;
calibre-lrfviewer.desktop,電子書_LRF Viewer,提供電子書閱讀的功能,電子書_LRF Viewer,电子书_LRFViewer,提供电子书阅读的功能,电子书_LRFViewer,eBook_LRF Viewer,電子書_LRF Viewer,提供電子書閱讀的功能,電子書_LRF Viewer,Office;
lrfviewer.desktop,電子書_LRF Viewer,提供電子書閱讀的功能,電子書_LRF Viewer,电子书_LRFViewer,提供电子书阅读的功能,电子书_LRFViewer,eBook_LRF Viewer,電子書_LRF Viewer,提供電子書閱讀的功能,電子書_LRF Viewer,Office;
okular.desktop,PDF瀏覽_Okular,多功能文件檢視器,PDF瀏覽_Okular,PDF浏览_Okular,多功能文件查看器,PDF浏览_Okular,PDFViewer_Okular,PDF瀏覽_Okular,多功能文件檢視器,PDF瀏覽_Okular,Office;
org.kde.okular.desktop,文件檢視_Okular,多功能文件檢視器,文件檢視_Okular,文件檢視_Okular,多功能文件查看器,文件檢視_Okular,DocViewer_Okular,文件檢視_Okular,多功能文件檢視器,文件檢視_Okular,Office;
# evince.desktop: 20141107 added by Franklin,,,,,,,,,,,
evince.desktop,文件檢視_DocumentViewer,文件檢視器,文件檢視_DocumentViewer,文件检视_DocumentViewer,文件检视器,文件检视_DocumentViewer,Viewer_DocumentViewer,文件檢視_DocumentViewer,文件檢視器,文件檢視_DocumentViewer,Office;
AdobeReader.desktop,PDF瀏覽_AdobeReader,Adobe 原廠的 PDF 瀏覽器,PDF瀏覽_AdobeReader,PDF浏览_AdobeReader,Adobe原厂的PDF瀏覽器,PDF浏览_AdobeReader,PDFViewer_AdobeReader,PDF瀏覽_AdobeReader,Adobe 原廠的 PDF 瀏覽器,PDF瀏覽_AdobeReader,Office;
pdfedit.desktop,PDF編輯_PDF Editor,可直接編輯 PDF 檔中的文字及內容，並且可再另存新檔,PDF編輯_PDF Editor,PDF编辑_PDFEditor,可直接编辑PDF档中的文字及内容，并且可再另存为,PDF编辑_PDFEditor,PDFEditor_PDF Editor,PDF編輯_PDF Editor,可直接編輯 PDF 檔中的文字及內容，並且可再另存新檔,PDF編輯_PDF Editor,Office;
pdfshuffler.desktop,PDF編輯_Shuffler,可輕易做到 PDF 格式合併，重新排列，分割，旋轉和裁剪,PDF編輯_Shuffler,PDF编辑_Shuffler,可轻易做到PDF格式合并，重新排列，分割，旋转和裁剪,PDF编辑_Shuffler,PDFEditor_Shuffler,PDF編輯_Shuffler,可輕易做到 PDF 格式合併，重新排列，分割，旋轉和裁剪,PDF編輯_Shuffler,Office;
xournal.desktop,PDF手繪筆記_Xournal,可在匯入 PDF 檔案後，在上面任意手寫、打字、畫彩色圖形線段、以及以螢光筆作記號,PDF手繪筆記_Xournal,PDF手绘笔记_Xournal,可在输入PDF文件后，在上面任意手写、打字、画彩色图形线段、以及以萤光笔作记号,PDF手绘笔记_Xournal,PDFMarker_Xournal,PDF手繪筆記_Xournal,可在匯入 PDF 檔案後，在上面任意手寫、打字、畫彩色圖形線段、以及以螢光筆作記號,PDF手繪筆記_Xournal,Office;
impressive-editor.desktop,PDF簡報播放_Impressive,可以將 PDF 檔案當成簡報一樣播放的PDF簡報播放軟體,PDF簡報播放_Impressive,PDF幻灯片播放_Impressive,可以将PDF文件当成演示幻灯片一样播放的PDF演示幻灯片播放软件,PDF演示幻灯片播放_Impressive,PDFPresentation_Impressive,PDF簡報播放_Impressive,可以將 PDF 檔案當成簡報一樣播放的PDF簡報播放軟體,PDF簡報播放_Impressive,Office;
kaddressbook.desktop,通訊錄_KAddressbook,KDE 上的通訊錄程式,通訊錄_KAddressbook,通讯录_KAddressbook,KDE上的通讯录程序,通讯录_KAddressbook,AddressBook_KAddressbook,通訊錄_KAddressbook,KDE 上的通訊錄程式,通訊錄_KAddressbook,Office;
gnucash.desktop,金融管理_GnuCash,一套複式簿記系統的記帳軟體，基本上的概念和會計相同,金融管理_GnuCash,金融管理_GnuCash,一套复式簿记系统的记帐软件，基本上的概念和会计相同,金融管理_GnuCash,Financial_GnuCash,金融管理_GnuCash,一套複式簿記系統的記帳軟體，基本上的概念和會計相同,金融管理_GnuCash,Office;
sigil.desktop,電子書編輯_Sigil,一套可見即所得的電子書編輯軟體,電子書編輯_Sigil,电子书编辑_Sigil,一套可见即所得的电子书编辑软件,电子书编辑_Sigil,eBookEditor_Sigil,電子書編輯_Sigil,一套可見即所得的電子書編輯軟體,電子書編輯_Sigil,Office;
qtqr.desktop,QR Code產生器_QtQR,QR Code 的產生器,QR Code產生器_QtQR,QRCode产生器_QtQR,QRCode的产生器,QRCode产生器_QtQR,QRCodeGenerator_QtQR,QR Code產生器_QtQR,QR Code 的產生器,QR Code產生器_QtQR,Office;
#美工,,,,,,,,,,,
krita.desktop,筆刷繪圖_Krita,類似 OpenOffice Draw，功能強大的繪圖軟體,筆刷繪圖_Krita,笔刷绘图_Krita,类似OpenOfficeDraw，功能强大的绘图软件,笔刷绘图_Krita,RazorGraphics_Krita,筆刷繪圖_Krita,類似 OpenOffice Draw，功能強大的繪圖軟體,筆刷繪圖_Krita,Graphics;
org.kde.krita.desktop,筆刷繪圖_Krita,類似 OpenOffice Draw，功能強大的繪圖軟體,筆刷繪圖_Krita,笔刷绘图_Krita,类似OpenOfficeDraw，功能强大的绘图软件,笔刷绘图_Krita,RazorGraphics_Krita,筆刷繪圖_Krita,類似 OpenOffice Draw，功能強大的繪圖軟體,筆刷繪圖_Krita,Graphics;
scribus.desktop,排版軟體_Scribus,適合用於雜誌，報紙等印刷品編輯設計的出版軟體,排版軟體_Scribus,排版软件_Scribus,适合用于杂志，报纸等印刷品编辑设计的出版软件,排版软件_Scribus,Typesetting_Scribus,排版軟體_Scribus,適合用於雜誌，報紙等印刷品編輯設計的出版軟體,排版軟體_Scribus,Graphics;
kamoso.desktop,影像擷取_Kamoso,從您的網路攝影機中擷取圖片,影像擷取_Kamoso,影像撷取_Kamoso,从您的网络摄影机中捕获图片,影像撷取_Kamoso,ScreenShot_Kamoso,影像擷取_Kamoso,從您的網路攝影機中擷取圖片,影像擷取_Kamoso,Graphics;
display.im6.desktop,影像編輯_ImageMagick,影像編輯軟體,影像編輯_ImageMagick,影像编辑_ImageMagick,影像编辑软件,影像编辑_ImageMagick,ImageProcessor_ImageMagick,影像編輯_ImageMagick,影像編輯軟體,影像編輯_ImageMagick,Graphics;
skanlite.desktop,影像掃描_Skanlite,KDE 上的影像掃描軟體,影像掃描_Skanlite,影像扫描_Skanlite,KDE上的影像扫描软件,影像扫描_Skanlite,ImageScan_Skanlite,影像掃描_Skanlite,KDE 上的影像掃描軟體,影像掃描_Skanlite,Graphics;
org.kde.skanlite.desktop,影像掃描_Skanlite,KDE 上的影像掃描軟體,影像掃描_Skanlite,影像扫描_Skanlite,KDE上的影像扫描软件,影像扫描_Skanlite,ImageScan_Skanlite,影像掃描_Skanlite,KDE 上的影像掃描軟體,影像掃描_Skanlite,Graphics;
gpaint.desktop,小畫家_GNU Paint,類似小畫家的繪圖軟體,小畫家_GNU Paint,画图_GNUPaint,类似画图的绘图软件,画图_GNUPaint,Painter_GNU Paint,小畫家_GNU Paint,類似小畫家的繪圖軟體,小畫家_GNU Paint,Graphics;
kolourpaint.desktop,小畫家_KolourPaint,類似小畫家的繪圖軟體,小畫家_KolourPaint,画图_KolourPaint,类似画图的绘图软件,画图_KolourPaint,Painter_KolourPaint,小畫家_KolourPaint,類似小畫家的繪圖軟體,小畫家_KolourPaint,Graphics;
org.kde.kolourpaint.desktop,小畫家_KolourPaint,類似小畫家的繪圖軟體,小畫家_KolourPaint,画图_KolourPaint,类似画图的绘图软件,画图_KolourPaint,Painter_KolourPaint,小畫家_KolourPaint,類似小畫家的繪圖軟體,小畫家_KolourPaint,Graphics;
mtpaint.desktop,小畫家_mtPaint,類似小畫家的繪圖軟體,小畫家_mtPainter,画图_mtPaint,类似画图的绘图软件,画图_mtPaint,Painter_mtPaint,小畫家_mtPaint,類似小畫家的繪圖軟體,小畫家_mtPainter,Graphics;
tuxpaint.desktop,企鵝小畫家_TuxPaint,適合小朋友發揮創意，任意塗鴉的繪圖軟體,企鵝小畫家_TuxPaint,企鹅画图_TuxPaint,适合小朋友发挥创意，任意涂鸦的绘图软件,企鹅画图_TuxPaint,Painter_TuxPaint,企鵝小畫家_TuxPaint,適合小朋友發揮創意，任意塗鴉的繪圖軟體,企鵝小畫家_TuxPaint,Graphics;
mypaint.desktop,筆刷繪圖_My Paint,內建四百種超炫筆刷的繪圖軟體,筆刷繪圖_My Paint,笔刷绘图_MyPaint,内置四百种超炫笔刷的绘图软件,笔刷绘图_MyPaint,RazorGraphics_My Paint,筆刷繪圖_My Paint,內建四百種超炫筆刷的繪圖軟體,筆刷繪圖_My Paint,Graphics;
inkscape.desktop,向量繪圖_Inkscape,可建立 svg 向量圖檔的繪圖軟體，功能和界面類似 CorelDRAW,向量繪圖_Inkscape,向量绘图_Inkscape,可创建svg向量图档的绘图软件，功能和界面类似CorelDRAW,向量绘图_Inkscape,VectorGraphics_Inkscape,向量繪圖_Inkscape,可建立 svg 向量圖檔的繪圖軟體，功能和界面類似 CorelDRAW,向量繪圖_Inkscape,Graphics;
gimp.desktop,影像處理_GIMP,具圖層應用功能的影像編輯和點陣繪圖軟體，功能和界面類似 Photoshop,影像處理_GIMP,影像处理_GIMP,具图层应用功能的影像编辑和点阵绘图软件，功能和界面类似Photoshop,影像处理_GIMP,ImageProcessor_GIMP,影像處理_GIMP,具圖層應用功能的影像編輯和點陣繪圖軟體，功能和界面類似 Photoshop,影像處理_GIMP,Graphics;
jkiwi.desktop,髮型彩粧_jKiwi,jKiwi 可以讓你輕鬆的對人像照片進行髮型與彩粧模擬設計,髮型彩粧_jKiwi,发型彩妆_jKiwi,jKiwi可以让你轻松的对人像照片进行发型与彩妆仿真设计,发型彩妆_jKiwi,HairStyle_jKiwi,髮型彩粧_jKiwi,jKiwi 可以讓你輕鬆的對人像照片進行髮型與彩粧模擬設計,髮型彩粧_jKiwi,Graphics;
digikam.desktop,相片管理_digiKam,專業的數位相片和圖片管理軟體,相片管理_digiKam,相片管理_digiKam,专业的数位相片和图片管理软件,相片管理_digiKam,PicManager_digiKam,相片管理_digiKam,專業的數位相片和圖片管理軟體,相片管理_digiKam,Graphics;
org.kde.digikam.desktop,相片管理_digiKam,專業的數位相片和圖片管理軟體,相片管理_digiKam,相片管理_digiKam,专业的数位相片和图片管理软件,相片管理_digiKam,PicManager_digiKam,相片管理_digiKam,專業的數位相片和圖片管理軟體,相片管理_digiKam,Graphics;
gwenview.desktop,相片瀏覽_Gwenview,簡易的數位相片和圖片瀏覽軟體,相片瀏覽_Gwenview,相片浏览_Gwenview,简易的数位相片和图片浏览软件,相片浏览_Gwenview,PicViewer_Gwenview,相片瀏覽_Gwenview,簡易的數位相片和圖片瀏覽軟體,相片瀏覽_Gwenview,Graphics;
org.kde.gwenview.desktop,相片瀏覽_Gwenview,簡易的數位相片和圖片瀏覽軟體,相片瀏覽_Gwenview,相片浏览_Gwenview,简易的数位相片和图片浏览软件,相片浏览_Gwenview,PicViewer_Gwenview,相片瀏覽_Gwenview,簡易的數位相片和圖片瀏覽軟體,相片瀏覽_Gwenview,Graphics;
# gpicview.desktop: 20141107 added by Franklin,,,,,,,,,,,
gpicview.desktop,相片瀏覽_Gpicview,簡易的數位相片與圖片瀏覽軟體,相片瀏覽_Gpicview,相片浏览_Gpicview,简易的数位相片和图片浏览软件,相片浏览_Gpicview,PicViewer_Gpicview,相片瀏覽_Gpicview,簡易的數位相片與圖片瀏覽軟體,相片瀏覽_Gpicview,Graphics;
f-spot.desktop,相片管理_F-Spot,F-Spot 可以讓你輕鬆的組織及分享你的相片,相片管理_F-Spot,相片管理_F-Spot,F-Spot可以让你轻松的组织及分享你的相片,相片管理_F-Spot,PicManager_F-Spot,相片管理_F-Spot,F-Spot 可以讓你輕鬆的組織及分享你的相片,相片管理_F-Spot,Graphics;
gthumb.desktop,圖片管理_gThumb,簡易的數位相片和圖片管理軟體,圖片管理_gThumb,图片管理_gThumb,简易的数位相片和图片管理软件,图片管理_gThumb,PicManager_gThumb,圖片管理_gThumb,簡易的數位相片和圖片管理軟體,圖片管理_gThumb,Graphics;
fotowall.desktop,多圖合併_Fotowall,Fotowall 可以讓你輕鬆的將多張圖片進行各種套用與設計,多圖合併_Fotowall,多图合并_Fotowall,Fotowall可以让你轻松的将多张图片进行各种套用与设计,多图合并_Fotowall,PicEditor_Fotowall,多圖合併_Fotowall,Fotowall 可以讓你輕鬆的將多張圖片進行各種套用與設計,多圖合併_Fotowall,Graphics;
expoblending.desktop,曝光混合_Expo blending,將曝光影像進行混合,曝光混合_Expo blending,曝光混合_Expoblending,将曝光影像进行混合,曝光混合_Expoblending,PicBlending_Expo blending,曝光混合_Expo blending,將曝光影像進行混合,曝光混合_Expo blending,Graphics;
photolayoutseditor.desktop,相片佈局_Photo layouts editor,建立美觀與專業的相片佈局,相片佈局_Photo layouts editor,相片布局_Photolayoutseditor,创建美观与专业的相片布局,相片布局_Photolayoutseditor,PicLayout_Photo layouts editor,相片佈局_Photo layouts editor,建立美觀與專業的相片佈局,相片佈局_Photo layouts editor,Graphics;
panoramagui.desktop,全景圖_Panoram,簡單易用的全景圖製作軟體,全景圖_Panoram,全景图_Panoram,简单易用的全景图制作软件,全景图_Panoram,Panorama_Panoram,全景圖_Panoram,簡單易用的全景圖製作軟體,全景圖_Panoram,Graphics;
hugin.desktop,全景圖_Hugin panorama creator,全景圖合併與編輯軟體，可以將多張照片合併成全景圖及進行美編,全景圖_Hugin panorama creator,全景图_Huginpanoramacreator,全景图合并与编辑软件，可以将多张照片合并成全景图及进行美编,全景图_Huginpanoramacreator,Panorama_Hugin panorama creator,全景圖_Hugin panorama creator,全景圖合併與編輯軟體，可以將多張照片合併成全景圖及進行美編,全景圖_Hugin panorama creator,Graphics;
PTBatcherGUI.desktop,全景圖_Hugin Batch Processor,全景圖批次處理工具，可以輕易的將多張照片合併成全景圖,全景圖_Hugin Batch Processor,全景图_HuginBatchProcessor,全景图批次处理工具，可以轻易的将多张照片合并成全景图,全景图_HuginBatchProcessor,Panorama_Hugin Batch Processor,全景圖_Hugin Batch Processor,全景圖批次處理工具，可以輕易的將多張照片合併成全景圖,全景圖_Hugin Batch Processor,Graphics;
calibrate_lens_gui.desktop,全景圖_Calibrate,全景圖合併與編輯軟體，可以將多張照片合併成全景圖及進行美編,全景圖_Calibrate,全景图_Calibrate,全景图合并与编辑软件，可以将多张照片合并成全景图及进行美编,全景图_Calibrate,Panorama_Calibrate,全景圖_Calibrate,全景圖合併與編輯軟體，可以將多張照片合併成全景圖及進行美編,全景圖_Calibrate,Graphics;
ktoon.desktop,2D動畫_KToon,能讓您使用點陣圖創造傳統的動畫,2D動畫_KToon,2D动画_KToon,能让您使用位图创造传统的动画,2D动画_KToon,2DAnimation_KToon,2D動畫_KToon,能讓您使用點陣圖創造傳統的動畫,2D動畫_KToon,Graphics;
blender.desktop,3D動畫_Blender,3D 模型建置與動畫設計軟體，媲美時下商業版的 3D 動畫軟體,3D動畫_Blender,3D动画_Blender,3D模型建置与动画设计软件，媲美时下商业版的3D动画软件,3D动画_Blender,3DAnimation_Blender,3D動畫_Blender,3D 模型建置與動畫設計軟體，媲美時下商業版的 3D 動畫軟體,3D動畫_Blender,Graphics;
sweethome3d.desktop,室內設計_SweetHome3D,室內設計用的3D 模型軟體，不僅專業設計人員可以使用，對一般人而言也是一個極易上手的室內設計工具,室內設計_SweetHome3D,室内设计_SweetHome3D,室内设计用的3D模型软件，不仅专业设计人员可以使用，对一般人而言也是一个极易上手的室内设计工具,室内设计_SweetHome3D,InteriorDesign_SweetHome3D,室內設計_SweetHome3D,室內設計用的3D 模型軟體，不僅專業設計人員可以使用，對一般人而言也是一個極易上手的室內設計工具,室內設計_SweetHome3D,Graphics;
kruler.desktop,螢幕尺規_KRuler,可以直接在螢幕上丈量的螢幕尺規,螢幕尺規_KRuler,屏幕尺规_KRuler,可以直接在屏幕上丈量的屏幕尺规,屏幕尺规_KRuler,ScreenRuler_KRuler,螢幕尺規_KRuler,可以直接在螢幕上丈量的螢幕尺規,螢幕尺規_KRuler,Graphics;
org.kde.kruler.desktop,螢幕尺規_KRuler,可以直接在螢幕上丈量的螢幕尺規,螢幕尺規_KRuler,屏幕尺规_KRuler,可以直接在屏幕上丈量的屏幕尺规,屏幕尺规_KRuler,ScreenRuler_KRuler,螢幕尺規_KRuler,可以直接在螢幕上丈量的螢幕尺規,螢幕尺規_KRuler,Graphics;
scangui.desktop,影像掃描_Scan GUI,使用平台式掃描器擷取影像的工具,影像掃描_Scan GUI,影像扫描_ScanGUI,使用平台式扫描器捕获影像的工具,影像扫描_ScanGUI,Scanning_Scan GUI,影像掃描_Scan GUI,使用平台式掃描器擷取影像的工具,影像掃描_Scan GUI,Graphics;
ksnapshot.desktop,影像擷取_KSnapshot,多功能的影像擷取工具，可直接按鍵盤上的〔Print Screen〕鍵執行此功能,影像擷取_KSnapshot,影像撷取_KSnapshot,多功能的影像捕获工具，可直接按键盘上的〔PrintScreen〕键执行此功能,影像撷取_KSnapshot,Screenshot_KSnapshot,影像擷取_KSnapshot,多功能的影像擷取工具，可直接按鍵盤上的〔Print Screen〕鍵執行此功能,影像擷取_KSnapshot,Graphics;
org.kde.spectacle.desktop,影像擷取_KSpectacle,多功能的影像擷取工具,影像擷取_KSpectacle,影像撷取_KSpectacle,多功能的影像捕获工具,影像撷取_KSpectacle,Screenshot_KSpectacle,影像擷取_KSpectacle,多功能的影像擷取工具,影像擷取_KSpectacle,Graphics;
kcolorchooser.desktop,顏色選擇_KColorChooser,用來點選螢幕上的顏色,顏色選擇_KColorChooser,颜色选择_KColorChooser,用来点选屏幕上的颜色,颜色选择_KColorChooser,ColorChooser_KColorChooser,顏色選擇_KColorChooser,用來點選螢幕上的顏色,顏色選擇_KColorChooser,Graphics;
org.kde.kcolorchooser.desktop,顏色選擇_KColorChooser,用來點選螢幕上的顏色,顏色選擇_KColorChooser,颜色选择_KColorChooser,用来点选屏幕上的颜色,颜色选择_KColorChooser,ColorChooser_KColorChooser,顏色選擇_KColorChooser,用來點選螢幕上的顏色,顏色選擇_KColorChooser,Graphics;
dngconverter.desktop,RAW批次轉檔_dngconverter,批次將 RAW 檔案轉成 DNG 檔案的軟體,RAW批次轉檔_dngconverter,RAW批次转档_dngconverter,批次将RAW文件转成DNG文件的软件,RAW批次转档_dngconverter,DNGConverter_dngconverter,RAW批次轉檔_dngconverter,批次將 RAW 檔案轉成 DNG 檔案的軟體,RAW批次轉檔_dngconverter,Graphics;
freecad.desktop,3D製圖_FreeCAD,電腦輔助設計軟體,3D製圖_FreeCAD,3D制图_FreeCAD,计算机辅助设计软件,3D制图_FreeCAD,3DCAD_FreeCAD,3D製圖_FreeCAD,電腦輔助設計軟體,3D製圖_FreeCAD,Graphics;
librecad.desktop,2D製圖_LibreCAD,電腦輔助設計軟體,2D製圖_LibreCAD,2D制图_LibreCAD,计算机辅助设计软件,2D制图_LibreCAD,2DCAD_LibreCAD,2D製圖_LibreCAD,電腦輔助設計軟體,2D製圖_LibreCAD,Graphics;
shutter.desktop,影像擷取_Shutter,可截取網頁和編輯截取圖片的軟體,影像擷取_Shutter,影像撷取_Shutter,可截取网页和编辑截取图片的软件,影像撷取_Shutter,Screenshot_Shutter,影像擷取_Shutter,可截取網頁和編輯截取圖片的軟體,影像擷取_Shutter,Graphics;
fontforge.desktop,字型設計_Fontforge,可以編輯與設計字型的軟體,字型設計_Fontforge,字型設計_Fontforge,可以編輯與設計字型的軟體,字型設計_Fontforge,FontEditor_Fontforge,字型設計_Fontforge,可以編輯與設計字型的軟體,字型設計_Fontforge,Graphics;
#影音,,,,,,,,,,,
qstopmotion.desktop,影片動畫_qStopMotion,影片動畫製作軟體,影片動畫_qStopMotion,影片动画_qStopMotion,影片动画制作软件,影片动画_qStopMotion,Animation_qStopMotion,影片動畫_qStopMotion,影片動畫製作軟體,影片動畫_qStopMotion,AudioVideo;
avidemux2.6-qt.desktop,影片編輯_Avidemux(Qt),影片編輯程式,影片編輯_Avidemux(Qt),影片编辑_Avidemux(Qt),影片编辑器,影片编辑_Avidemux(Qt),VideoEditing_Avidemux(Qt),影片編輯_Avidemux(Qt),影片編輯程式,影片編輯_Avidemux(Qt),AudioVideo;
avidemux2.6-jobs.desktop,影片編輯_Avidemux(Jobs),影片編輯程式,影片編輯_Avidemux(Jobs),影片编辑_Avidemux(Jobs),影片编辑器,影片编辑_Avidemux(Jobs),VideoEditing_Avidemux(Jobs),影片編輯_Avidemux(Jobs),影片編輯程式,影片編輯_Avidemux(Jobs),AudioVideo;
avidemux2.6-gtk.desktop,影片編輯_Avidemux(Gtk),影片編輯程式,影片編輯_Avidemux(Gtk),影片编辑_Avidemux(Gtk),影片编辑器,影片编辑_Avidemux(Gtk),VideoEditing_Avidemux(Gtk),影片編輯_Avidemux(Gtk),影片編輯程式,影片編輯_Avidemux(Gtk),AudioVideo;
ffDiaporama.desktop,投影片秀_ffDiaporama,投影片、圖片與影片展示軟體,投影片秀_ffDiaporama,投影片秀_ffDiaporama,投影片、图片与影片展示软件,投影片秀_ffDiaporama,Presentation_ffDiaporama,投影片秀_ffDiaporama,投影片、圖片與影片展示軟體,投影片秀_ffDiaporama,AudioVideo;
xbmc.desktop,多媒體中心_XBMC,一套超炫的多媒體播放中心，不論圖片影片皆可播放,多媒體中心_XBMC,多媒体中心_XBMC,一套超炫的多媒体播放中心，不论图片影片皆可播放,多媒体中心_XBMC,Multimedia_XBMC,多媒體中心_XBMC,一套超炫的多媒體播放中心，不論圖片影片皆可播放,多媒體中心_XBMC,AudioVideo;
vlc.desktop,影音播放_VLC,可以用於網路串流及各種多媒體檔案之播放,影音播放_VLC,影音播放_VLC,可以用于网络流及各种多媒体文件之播放,影音播放_VLC,VideoPlayer_VLC,影音播放_VLC,可以用於網路串流及各種多媒體檔案之播放,影音播放_VLC,AudioVideo;
smplayer.desktop,影音播放_SMPlayer,以 MPlayer 為基礎的多媒體播放器，具完整的使用者介面,影音播放_SMPlayer,影音播放_SMPlayer,以MPlayer为基础的多媒体播放器，具完整的用户界面,影音播放_SMPlayer,VideoPlayer_SMPlayer,影音播放_SMPlayer,以 MPlayer 為基礎的多媒體播放器，具完整的使用者介面,影音播放_SMPlayer,AudioVideo;
umplayer.desktop,影音播放_UMPlayer,以 MPlayer 為基礎的多媒體播放器，具完整的使用者介面,影音播放_UMPlayer,影音播放_UMPlayer,以MPlayer为基础的多媒体播放器，具完整的用户界面,影音播放_UMPlayer,VideoPlayer_UMPlayer,影音播放_UMPlayer,以 MPlayer 為基礎的多媒體播放器，具完整的使用者介面,影音播放_UMPlayer,AudioVideo;
# gnome-mplayer.desktop: 20141107 added by Franklin:,,,,,,,,,,,
gnome-mplayer.desktop,影音播放_GnomeMplayer,以 MPlayer 為基礎的多媒體播放器,影音播放_GnomeMplayer,影音播放_GnomeMplayer,以Mplayer为基础的多媒体播放器,影音播放_GnomeMplayer,VideoPlayer_GnomeMplayer,影音播放_GnomeMplayer,以 MPlayer 為基礎的多媒體播放器,影音播放_GnomeMplayer,AudioVideo;
dragonplayer.desktop,影音播放_DragonPlayer,可以用於網路串流及各種多媒體檔案之播放,影音播放_DragonPlayer,影音播放_DragonPlayer,可以用于网络流及各种多媒体文件之播放,影音播放_DragonPlayer,VideoPlayer_DragonPlayer,影音播放_DragonPlayer,可以用於網路串流及各種多媒體檔案之播放,影音播放_DragonPlayer,AudioVideo;
org.kde.dragonplayer.desktop,影音播放_DragonPlayer,可以用於網路串流及各種多媒體檔案之播放,影音播放_DragonPlayer,影音播放_DragonPlayer,可以用于网络流及各种多媒体文件之播放,影音播放_DragonPlayer,VideoPlayer_DragonPlayer,影音播放_DragonPlayer,可以用於網路串流及各種多媒體檔案之播放,影音播放_DragonPlayer,AudioVideo;
totem.desktop,影音播放_Totem,可以用於網路串流及各種多媒體檔案之播放,影音播放_Totem,影音播放_Totem,可以用于网络流及各种多媒体文件之播放,影音播放_Totem,VideoPlayer_Totem,影音播放_Totem,可以用於網路串流及各種多媒體檔案之播放,影音播放_Totem,AudioVideo;
xine.desktop,影音播放_xine,影音播放軟體,影音播放_xine,影音播放_xine,影音播放软件,影音播放_xine,VideoPlayer_xine,影音播放_xine,影音播放軟體,影音播放_xine,AudioVideo;
Kino.desktop,影片編輯_Kino,簡單易用的影片編輯軟體,影片編輯_Kino,影片编辑_Kino,简单易用的影片编辑软件,影片编辑_Kino,VideoEditing_Kino,影片編輯_Kino,簡單易用的影片編輯軟體,影片編輯_Kino,AudioVideo;
pitivi.desktop,影片編輯_Pitivi,簡單易用的影片編輯軟體,影片編輯_Pitivi,影片编辑_Pitivi,简单易用的影片编辑软件,影片编辑_Pitivi,VideoEditing_Pitivi,影片編輯_Pitivi,簡單易用的影片編輯軟體,影片編輯_Pitivi,AudioVideo;
openshot.desktop,影片編輯_OpenShot,OpenShot 是 Linux 下常用的非線性影片剪輯軟體,影片編輯_OpenShot,影片编辑_OpenShot,OpenShot是Linux下常用的非线性影片剪辑软件,影片编辑_OpenShot,VideoEditing_OpenShot,影片編輯_OpenShot,OpenShot 是 Linux 下常用的非線性影片剪輯軟體,影片編輯_OpenShot,AudioVideo;
openshot-qt.desktop,影片編輯_OpenShot2,OpenShot 是 Linux 下常用的非線性影片剪輯軟體,影片編輯_OpenShot2,影片编辑_OpenShot2,OpenShot是Linux下常用的非线性影片剪辑软件,影片编辑_OpenShot2,VideoEditing_OpenShot2,影片編輯_OpenShot2,OpenShot 是 Linux 下常用的非線性影片剪輯軟體,影片編輯_OpenShot2,AudioVideo;
kdenlive.desktop,影片編輯_Kdenlive,Kdenlive 是 Linux 下非常專業完整的非線性影片編輯軟體,影片編輯_Kdenlive,影片编辑_Kdenlive,Kdenlive是Linux下非常专业完整的非线性影片编辑软件,影片编辑_Kdenlive,VideoEditing_Kdenlive,影片編輯_Kdenlive,Kdenlive 是 Linux 下非常專業完整的非線性影片編輯軟體,影片編輯_Kdenlive,AudioVideo;
org.kde.kdenlive.desktop,影片編輯_Kdenlive,Kdenlive 是 Linux 下非常專業完整的非線性影片編輯軟體,影片編輯_Kdenlive,影片编辑_Kdenlive,Kdenlive是Linux下非常专业完整的非线性影片编辑软件,影片编辑_Kdenlive,VideoEditing_Kdenlive,影片編輯_Kdenlive,Kdenlive 是 Linux 下非常專業完整的非線性影片編輯軟體,影片編輯_Kdenlive,AudioVideo;
kazam.desktop,桌面錄製_Kazam,一款簡易的桌面畫面錄製工具,桌面錄製_Kazam,桌面录制_Kazam,一款简易的桌面画面录制工具,桌面录制_Kazam,DesktopRecording_Kazam,桌面錄製_Kazam,一款簡易的桌面畫面錄製工具,桌面錄製_Kazam,AudioVideo;
cheese.desktop,視訊擷取_Cheese,透過 Cheese 可以從網路攝影機擷取相片與影片，並加入有趣的影像特效,視訊擷取_Cheese,视频撷取_Cheese,通过Cheese可以从网络摄影机捕获相片与影片，并加入有趣的影像特效,视频撷取_Cheese,VideoCapture_Cheese,視訊擷取_Cheese,透過 Cheese 可以從網路攝影機擷取相片與影片，並加入有趣的影像特效,視訊擷取_Cheese,AudioVideo;
org.gnome.Cheese.desktop,視訊擷取_Cheese,透過 Cheese 可以從網路攝影機擷取相片與影片，並加入有趣的影像特效,視訊擷取_Cheese,视频撷取_Cheese,通过Cheese可以从网络摄影机捕获相片与影片，并加入有趣的影像特效,视频撷取_Cheese,VideoCapture_Cheese,視訊擷取_Cheese,透過 Cheese 可以從網路攝影機擷取相片與影片，並加入有趣的影像特效,視訊擷取_Cheese,AudioVideo;
guvcview.desktop,影像擷取_guvcview,webcam管理程式,影像擷取_guvcview,影像撷取_guvcview,webcam管理程序,影像撷取_guvcview,Screenshot_guvcview,影像擷取_guvcview,webcam管理程式,影像擷取_guvcview,AudioVideo;
imagination.desktop,投影片秀_Imagination,Imagination 可以將相片或圖片輕易的轉成具豐富轉場效果的多媒體投影片秀 ,投影片秀_Imagination,投影片秀_Imagination,Imagination可以将相片或图片轻易的转成具丰富转场效果的多媒体投影片秀,投影片秀_Imagination,Presentation_Imagination,投影片秀_Imagination,Imagination 可以將相片或圖片輕易的轉成具豐富轉場效果的多媒體投影片秀 ,投影片秀_Imagination,AudioVideo;
photofilmstrip.desktop,投影片秀_Photo Film Strip,讓你輕鬆製作出圖片跑馬燈及多媒體投影片秀的軟體,投影片秀_Photo Film Strip,投影片秀_PhotoFilmStrip,让你轻松制作出图片跑马灯及多媒体投影片秀的软件,投影片秀_PhotoFilmStrip,Presentation_Photo Film Strip,投影片秀_Photo Film Strip,讓你輕鬆製作出圖片跑馬燈及多媒體投影片秀的軟體,投影片秀_Photo Film Strip,AudioVideo;
k3b.desktop,光碟燒錄_K3b,Linux 下常用的光碟燒錄工具 ,光碟燒錄_K3b,光盘刻录_K3b,Linux下常用的光盘烧录工具,光盘烧录_K3b,CDBurning_K3b,光碟燒錄_K3b,Linux 下常用的光碟燒錄工具 ,光碟燒錄_K3b,AudioVideo;
org.kde.k3b.desktop,光碟燒錄_K3b,Linux 下常用的光碟燒錄工具 ,光碟燒錄_K3b,光盘刻录_K3b,Linux下常用的光盘烧录工具,光盘烧录_K3b,CDBurning_K3b,光碟燒錄_K3b,Linux 下常用的光碟燒錄工具 ,光碟燒錄_K3b,AudioVideo;
# xfburn.desktop: 20141107 added by Franklin,,,,,,,,,,,
xfburn.desktop,光碟燒錄_Xfburn,光碟燒錄工具,光碟燒錄_Xfburn,光盘刻录_Xfburn,光盘烧录工具,光盘烧录_Xfburn,CDBurning_Xfburn,光碟燒錄_Xfburn,光碟燒錄工具,光碟燒錄_Xfburn,AudioVideo;
brasero.desktop,光碟燒錄_Brasero,Linux 下常用的光碟燒錄工具,光碟燒錄_Brasero,光盘刻录_Brasero,Linux下常用的光盘烧录工具,光盘烧录_Brasero,CDBurning_Brasero,光碟燒錄_Brasero,Linux 下常用的光碟燒錄工具,光碟燒錄_Brasero,AudioVideo;
acidrip.desktop,光碟擷取_AcidRip,AcidRip 可以輕易的將一般的影片轉成 avi 或 mpeg 檔,光碟擷取_AcidRip,光盘撷取_AcidRip,AcidRip可以轻易的将一般的影片转成avi或mpeg檔,光盘撷取_AcidRip,CDRip_AcidRip,光碟擷取_AcidRip,AcidRip 可以輕易的將一般的影片轉成 avi 或 mpeg 檔,光碟擷取_AcidRip,AudioVideo;
dvdstyler.desktop,光碟製作_DVDstyler,DVD 光碟及選單製作工具,光碟製作_DVDstyler,光盘制作_DVDstyler,DVD光盘及选单制作工具,光盘制作_DVDstyler,DVDStyler_DVDstyler,光碟製作_DVDstyler,DVD 光碟及選單製作工具,光碟製作_DVDstyler,AudioVideo;
dvdisaster.desktop,光碟修復_dvdisaster,對於刮傷或老化的光碟，提供了更好的存取與修復效果,光碟修復_dvdisaster,光盘修复_dvdisaster,对于刮伤或老化的光盘，提供了更好的访问与修复效果,光盘修复_dvdisaster,DVDRecover_dvdisaster,光碟修復_dvdisaster,對於刮傷或老化的光碟，提供了更好的存取與修復效果,光碟修復_dvdisaster,AudioVideo;
audacious.desktop,音樂播放_Audacious,類似 Winamp 的音樂播放器,音樂播放_Audacious,音乐播放_Audacious,类似Winamp的音乐播放器,音乐播放_Audacious,MusicPlayer_Audacious,音樂播放_Audacious,類似 Winamp 的音樂播放器,音樂播放_Audacious,AudioVideo;
amarok.desktop,音樂播放_Amarok,Amarok 一套功能強大的音樂播放與專輯管理軟體,音樂播放_Amarok,音乐播放_Amarok,Amarok一套功能强大的音乐播放与专辑管理软件,音乐播放_Amarok,MusicPlayer_Amarok,音樂播放_Amarok,Amarok 一套功能強大的音樂播放與專輯管理軟體,音樂播放_Amarok,AudioVideo;
rhythmbox.desktop,音樂播放_Rhythmbox,播放及管理音樂庫,音樂播放_Rhythmbox,音乐播放_Rhythmbox,播放及管理音乐库,音乐播放_Rhythmbox,MusicPlayer_Rhythmbox,音樂播放_Rhythmbox,播放及管理音樂庫,音樂播放_Rhythmbox,AudioVideo;
audacity.desktop,音樂編輯_Audacity,Audacity 是一套功能相當完整的音訊編輯軟體，具有剪輯、複製、混音等多項音訊編輯功能,音樂編輯_Audacity,音乐编辑_Audacity,Audacity是一套功能相当完整的音讯编辑软件，具有剪辑、复制、混音等多项音讯编辑功能,音乐编辑_Audacity,MusicEditor_Audacity,音樂編輯_Audacity,Audacity 是一套功能相當完整的音訊編輯軟體，具有剪輯、複製、混音等多項音訊編輯功能,音樂編輯_Audacity,AudioVideo;
tuxguitar.desktop,樂譜編輯_Tuxguitar,可以輸入 Midi 格式及吉他譜檔，並且還可輸出多種音樂格式，以及 PDF 格式的樂譜,樂譜編輯_Tuxguitar,乐谱编辑_Tuxguitar,可以输入Midi格式及吉他谱档，并且还可输出多种音乐格式，以及PDF格式的乐谱,乐谱编辑_Tuxguitar,ScoreEditor_Tuxguitar,樂譜編輯_Tuxguitar,可以輸入 Midi 格式及吉他譜檔，並且還可輸出多種音樂格式，以及 PDF 格式的樂譜,樂譜編輯_Tuxguitar,AudioVideo;
lmms.desktop,音樂製作_LMMS,一款新的音樂製作軟體,音樂製作_LMMS,音乐制作_LMMS,一款新的音乐制作软件,音乐制作_LMMS,Mixer_LMMS,音樂製作_LMMS,一款新的音樂製作軟體,音樂製作_LMMS,AudioVideo;
hydrogen.desktop,節奏編曲_Hydrogen,非常容易上手的爵士電子鼓節奏編曲軟體,節奏編曲_Hydrogen,节奏编曲_Hydrogen,非常容易上手的爵士电子鼓节奏编曲软件,节奏编曲_Hydrogen,DrumEditor_Hydrogen,節奏編曲_Hydrogen,非常容易上手的爵士電子鼓節奏編曲軟體,節奏編曲_Hydrogen,AudioVideo;
mscore.desktop,樂譜編輯_MuseScore,專業的五線譜編輯軟體，可以讓你輕鬆地在軟體內加入音符，並且做即時的結果輸出,樂譜編輯_MuseScore,乐谱编辑_MuseScore,专业的五线谱编辑软件，可以让你轻松地在软件内加入音符，并且做即时的结果输出,乐谱编辑_MuseScore,ScoreEditor_MuseScore,樂譜編輯_MuseScore,專業的五線譜編輯軟體，可以讓你輕鬆地在軟體內加入音符，並且做即時的結果輸出,樂譜編輯_MuseScore,AudioVideo;
rosegarden.desktop,音樂製作_Rosegarden,功能非常強大的專業級音樂製作軟體,音樂製作_Rosegarden,音乐制作_Rosegarden,功能非常强大的专业级音乐制作软件,音乐制作_Rosegarden,Mixer_Rosegarden,音樂製作_Rosegarden,功能非常強大的專業級音樂製作軟體,音樂製作_Rosegarden,AudioVideo;
winff.desktop,影音轉檔_Win_FF,多種格式的影音轉檔工具,影音轉檔_Win_FF,影音转档_Win_FF,多种格式的影音转档工具,影音转档_Win_FF,AVConverter_Win_FF,影音轉檔_Win_FF,多種格式的影音轉檔工具,影音轉檔_Win_FF,AudioVideo;
kmix.desktop,音效調整_KMix,多功能的音效調整工具,音效調整_KMix,音效调整_KMix,多功能的音效调整工具,音效调整_KMix,AudioMixer_KMix,音效調整_KMix,多功能的音效調整工具,音效調整_KMix,AudioVideo;
qjackctl.desktop,音訊控制_QjackCtl,音訊控制與連結服務工具,音訊控制_QjackCtl,音讯控制_QjackCtl,音讯控制与连结服务工具,音讯控制_QjackCtl,AudioControl_QjackCtl,音訊控制_QjackCtl,音訊控制與連結服務工具,音訊控制_QjackCtl,AudioVideo;
ardour.desktop,音訊整合_Ardour GTK2,功能全面的數位音訊整合工具,音訊整合_Ardour GTK2,音讯整合_ArdourGTK2,功能全面的数位音讯整合工具,音讯整合_ArdourGTK2,AudioControl_Ardour GTK2,音訊整合_Ardour GTK2,功能全面的數位音訊整合工具,音訊整合_Ardour GTK2,AudioVideo;
gnome-sound-recorder.desktop,聲音錄製_gnome-sound-recorder,簡易的聲音錄製軟體,聲音錄製_gnome-sound-recorder,声音录制_gnome-sound-recorder,简易的声音录制软件,声音录制_gnome-sound-recorder,SoundRecorder_gnome-sound-recorder,聲音錄製_gnome-sound-recorder,簡易的聲音錄製軟體,聲音錄製_gnome-sound-recorder,AudioVideo;
xvidcap.desktop,影音錄製_XVidCap,可將螢幕上的操作畫面及聲音同步錄製,影音錄製_XVidCap,影音录制_XVidCap,可将屏幕上的操作画面及声音同步录制,影音录制_XVidCap,VideoRecorder_XVidCap,影音錄製_XVidCap,可將螢幕上的操作畫面及聲音同步錄製,影音錄製_XVidCap,AudioVideo;
sound-juicer.desktop,音樂擷取_sound-juicer,可以從音樂光碟中擷取音樂的小工具,音樂擷取_sound-juicer,音乐撷取_sound-juicer,可以从音乐光盘中捕获音乐的小工具,音乐撷取_sound-juicer,SoundCapture_sound-juicer,音樂擷取_sound-juicer,可以從音樂光碟中擷取音樂的小工具,音樂擷取_sound-juicer,AudioVideo;
qdvdauthor.desktop,光碟製作_QDVDAuthor,DVD 光碟及選單製作工具 ,光碟製作_QDVDAuthor,光盘制作_QDVDAuthor,DVD光盘及选单制作工具,光盘制作_QDVDAuthor,DVDCreator_QDVDAuthor,光碟製作_QDVDAuthor,DVD 光碟及選單製作工具 ,光碟製作_QDVDAuthor,AudioVideo;
devede.desktop,影音轉檔_DeVeDe,能將任何格式的影片轉為 DVD 影片,影音轉檔_DeVeDe,影音转档_DeVeDe,能将任何格式的影片转为DVD影片,影音转档_DeVeDe,AVConverter_DeVeDe,影音轉檔_DeVeDe,能將任何格式的影片轉為 DVD 影片,影音轉檔_DeVeDe,AudioVideo;
oggconvert.desktop,影音轉檔_OggConvert,小巧實用的多媒體影音轉換工具,影音轉檔_OggConvert,影音转档_OggConvert,小巧实用的多媒体影音转换工具,影音转档_OggConvert,AVConverter_OggConvert,影音轉檔_OggConvert,小巧實用的多媒體影音轉換工具,影音轉檔_OggConvert,AudioVideo;
furiusisomount.desktop,虛擬光碟_Furius ISO Mount,簡單好用的光碟映像檔掛載工具 ,虛擬光碟_Furius ISO Mount,虚拟光盘_FuriusISOMount,简单好用的光盘映像档挂载工具,虚拟光盘_FuriusISOMount,ISOMount_Furius ISO Mount,虛擬光碟_Furius ISO Mount,簡單好用的光碟映像檔掛載工具 ,虛擬光碟_Furius ISO Mount,AudioVideo;
#網路,,,,,,,,,,,
sylpheed.desktop,電子郵件_Sylpheed,用於收發電子郵件的軟體,電子郵件_Sylpheed,电子邮件_Sylpheed,用于收发电子邮件的软件,电子邮件_Sylpheed,EmailClient_Sylpheed,電子郵件_Sylpheed,用於收發電子郵件的軟體,電子郵件_Sylpheed,Network;
nixnote.desktop,筆記本_Nixnote,EverNote 的 Linux 客戶端軟體,筆記本_Nixnote,笔记本_Nixnote,EverNote的Linux客户端软件,笔记本_Nixnote,NoteBook_Nixnote,筆記本_Nixnote,EverNote 的 Linux 客戶端軟體,筆記本_Nixnote,Network;
nixnote2.desktop,筆記本_Nixnote,EverNote 的 Linux 客戶端軟體,筆記本_Nixnote,笔记本_Nixnote,EverNote的Linux客户端软件,笔记本_Nixnote,NoteBook_Nixnote,筆記本_Nixnote,EverNote 的 Linux 客戶端軟體,筆記本_Nixnote,Network;
exe.desktop,網頁設計_eXe,輔助老師們編寫網路課程的軟體,網頁設計_eXe,网页设计_eXe,辅助老师们编写网络课程的软件,网页设计_eXe,WebpageDesign_eXe,網頁設計_eXe,輔助老師們編寫網路課程的軟體,網頁設計_eXe,Network;
quassel.desktop,IRC 通訊_Quassel,KDE 裡的 IRC 客戶端程式,IRC 通訊_Quassel,IRC通讯_Quassel,KDE里的IRC客戶端程式,IRC通讯_Quassel,IRCClient_Quassel,IRC 通訊_Quassel,KDE 裡的 IRC 客戶端程式,IRC 通訊_Quassel,Network;
firefox.desktop,網頁瀏覽_Firefox,提供更有效率、更安全、更個人化的瀏覽體驗 ,網頁瀏覽_Firefox,网页浏览_Firefox,提供更有效率、更安全、更个人化的浏览体验,网页浏览_Firefox,Browser_Firefox,網頁瀏覽_Firefox,提供更有效率、更安全、更個人化的瀏覽體驗 ,網頁瀏覽_Firefox,Network;
chromium-browser.desktop,網頁瀏覽_Chromium,由 Google 開發的網頁瀏覽器,網頁瀏覽_Chromium,网页浏览_Chromium,由Google开发的网页浏览器,网页浏览_Chromium,Browser_Chromium,網頁瀏覽_Chromium,由 Google 開發的網頁瀏覽器,網頁瀏覽_Chromium,Network;
chromium.desktop,網頁瀏覽_Chromium,由 Google 開發的網頁瀏覽器,網頁瀏覽_Chromium,网页浏览_Chromium,由Google开发的网页浏览器,网页浏览_Chromium,Browser_Chromium,網頁瀏覽_Chromium,由 Google 開發的網頁瀏覽器,網頁瀏覽_Chromium,Network;
google-chrome.desktop,網頁瀏覽_Chrome,由 Google 開發的網頁瀏覽器,網頁瀏覽_Chrome,网页浏览_Chrome,由Google开发的网页浏览器,网页浏览_Chrome,Browser_Chrome,網頁瀏覽_Chrome,由 Google 開發的網頁瀏覽器,網頁瀏覽_Chrome,Network;
konqbrowser.desktop,網頁瀏覽_Konqueror,可以當檔案總管以及網頁瀏覽器的軟體,網頁瀏覽_Konqueror,网页浏览_Konqueror,可以当文件总管以及网页浏览器的软件,网页浏览_Konqueror,Browser_Konqueror,網頁瀏覽_Konqueror,可以當檔案總管以及網頁瀏覽器的軟體,網頁瀏覽_Konqueror,Network;
pcmanx.desktop,BBS連線_PCMan X BBS ,常用的 BBS 連線軟體,BBS連線_PCMan X BBS ,BBS连接_PCManXBBS,常用的BBS连接软件,BBS连接_PCManXBBS,BBSClient_PCMan X BBS ,BBS連線_PCMan X BBS ,常用的 BBS 連線軟體,BBS連線_PCMan X BBS ,Network;
BlueGriffon-program.desktop,網頁設計_BlueGriffon,讓您可以快速編輯簡單的HTML或動態HTML網頁 ,網頁設計_BlueGriffon,网页设计_BlueGriffon,让您可以快速编辑简单的HTML或动态HTML网页,网页设计_BlueGriffon,WebpageDesign_BlueGriffon,網頁設計_BlueGriffon,讓您可以快速編輯簡單的HTML或動態HTML網頁 ,網頁設計_BlueGriffon,Network;
kompozer.desktop,網頁設計_KompoZer,讓您可以快速編輯簡單的HTML或動態HTML網頁 ,網頁設計_KompoZer,网页设计_KompoZer,让您可以快速编辑简单的HTML或动态HTML网页,网页设计_KompoZer,WebpageDesign_KompoZer,網頁設計_KompoZer,讓您可以快速編輯簡單的HTML或動態HTML網頁 ,網頁設計_KompoZer,Network;
dropbox.desktop,雲端服務_Dropbox,可以讓你在不同電腦及行動載具間同步檔案進度的雲端軟體,雲端服務_Dropbox,云端服务_Dropbox,可以让你在不同计算机及行动载具间同步文件进度的云端软件,云端服务_Dropbox,CloudStorage_Dropbox,雲端服務_Dropbox,可以讓你在不同電腦及行動載具間同步檔案進度的雲端軟體,雲端服務_Dropbox,Network;
akregator.desktop,RSS閱讀器_Akregator,方便實用的 RSS 閱讀器,RSS閱讀器_Akregator,RSS阅读器_Akregator,方便实用的RSS阅读器,RSS阅读器_Akregator,RSSReader_Akregator,RSS閱讀器_Akregator,方便實用的 RSS 閱讀器,RSS閱讀器_Akregator,Network;
quiterss.desktop,RSS閱讀器_Quiterss,方便實用的 RSS 閱讀器,RSS閱讀器_Quiterss,RSS阅读器_Quiterss,方便实用的RSS阅读器,RSS阅读器_Quiterss,RSSReader_Quiterss,RSS閱讀器_Quiterss,方便實用的 RSS 閱讀器,RSS閱讀器_Quiterss,Network;
org.kde.akregator.desktop,RSS閱讀器_Akregator,方便實用的 RSS 閱讀器,RSS閱讀器_Akregator,RSS阅读器_Akregator,方便实用的RSS阅读器,RSS阅读器_Akregator,RSSReader_Akregator,RSS閱讀器_Akregator,方便實用的 RSS 閱讀器,RSS閱讀器_Akregator,Network;
ktorrent.desktop,BT下載_Ktorrent,可透過 BitTorrent 協定來下載和分享檔案 ,BT下載_Ktorrent,BT下载_Ktorrent,可通过BitTorrent协议来下载和分享文件,BT下载_Ktorrent,BitTorrent_Ktorrent,BT下載_Ktorrent,可透過 BitTorrent 協定來下載和分享檔案 ,BT下載_Ktorrent,Network;
filezilla.desktop,檔案傳輸_FileZilla,Linux 下常用的 FTP 檔案傳輸工具 ,檔案傳輸_FileZilla,文件传输_FileZilla,Linux下常用的FTP文件传输工具,文件传输_FileZilla,FileTransfer_FileZilla,檔案傳輸_FileZilla,Linux 下常用的 FTP 檔案傳輸工具 ,檔案傳輸_FileZilla,Network;
pidgin.desktop,即時通訊_Pidgin,讓您可以透過即時通訊與好友聊天，支援 AIM、Google Talk、Jabber/XMPP、MSN、Yahoo 等,即時通訊_Pidgin,即时通讯_Pidgin,让您可以通过即时通讯与好友聊天，支持AIM、GoogleTalk、Jabber/XMPP、MSN、Yahoo等,即时通讯_Pidgin,InstantMessenger_Pidgin,即時通訊_Pidgin,讓您可以透過即時通訊與好友聊天，支援 AIM、Google Talk、Jabber/XMPP、MSN、Yahoo 等,即時通訊_Pidgin,Network;
kopete.desktop,即時通訊_Kopete,即時訊息客戶端程式,即時通訊_Kopete,即时通讯_Kopete,即时消息客户端程序,即时通讯_Kopete,InstantMessenger_Kopete,即時通訊_Kopete,即時訊息客戶端程式,即時通訊_Kopete,Network;
emesene.desktop,即時通訊_Emesene,一套適用於 Windows Live Messenge 的即時通訊軟體 ,即時通訊_Emesene,即时通讯_Emesene,一套适用于WindowsLiveMessenge的即时通讯软件,即时通讯_Emesene,InstantMessenger_Emesene,即時通訊_Emesene,一套適用於 Windows Live Messenge 的即時通訊軟體 ,即時通訊_Emesene,Network;
ekiga.desktop,網路電話_Ekiga,Linux 下常用的網路電話軟體,網路電話_Ekiga,网络电话_Ekiga,Linux下常用的网络电话软件,网络电话_Ekiga,IPPhone_Ekiga,網路電話_Ekiga,Linux 下常用的網路電話軟體,網路電話_Ekiga,Network;
Kppp.desktop,網路連線_KPPP,數據機和網路撥號程式,網路連線_KPPP,网络连接_KPPP,调制解调器和网络拨号程序,网络连接_KPPP,PPP_KPPP,網路連線_KPPP,數據機和網路撥號程式,網路連線_KPPP,Network;
bluedevil-monolithic.desktop,藍芽連線_BlueDevil,KDE 內建的藍芽傳輸軟體,藍芽連線_BlueDevil,蓝牙连接_BlueDevil,KDE内置的蓝芽传输软件,蓝牙连接_BlueDevil,BlueTooth_BlueDevil,藍芽連線_BlueDevil,KDE 內建的藍芽傳輸軟體,藍芽連線_BlueDevil,Network;
extras-nitroshare.desktop,連線分享_Nitroshare,跨平台區域網路檔案分享軟體,連線分享_Nitroshare,连接分享_Nitroshare,跨平台局域网文件分享软件,连接分享_Nitroshare,NetworkShare_Nitroshare,連線分享_Nitroshare,跨平台區域網路檔案分享軟體,連線分享_Nitroshare,Network;
remmina.desktop,遠端連線_Remmina,遠端桌面的連線軟體，功能類似 TeamViewer,遠端連線_Remmina,远程连接_Remmina,远程桌面的连接软件，功能类似TeamViewer,远程连接_Remmina,Network_Remmina,遠端連線_Remmina,遠端桌面的連線軟體，功能類似 TeamViewer,遠端連線_Remmina,Network;
org.kde.krdc.desktop,遠端桌面_Krdc,遠端桌面的連線軟體，功能類似 TeamViewer,遠端桌面_Krdc,远程桌面_Krdc,远程桌面的连接软件，功能类似TeamViewer,远程桌面_Krdc,Network_Krdc,遠端桌面_Krdc,遠端桌面的連線軟體，功能類似 TeamViewer,遠端桌面_Krdc,Network;
skype.desktop,即時通訊_Skype,知名的網路語音通話軟體,即時通訊_Skype,即时通讯_Skype,知名的网络语音通话软件,即时通讯_Skype,InstantMessenger_Skype,即時通訊_Skype,知名的網路語音通話軟體,即時通訊_Skype,Network;
evolution.desktop,郵件管理_Evolution,集合電子郵件，行事曆與工作排程等功能的郵件管理軟體,郵件管理_Evolution,邮件管理_Evolution,集合电子邮件，行事历与工作调度等功能的邮件管理软件,邮件管理_Evolution,Mail_Evolution,郵件管理_Evolution,集合電子郵件，行事曆與工作排程等功能的郵件管理軟體,郵件管理_Evolution,Network;
gftp.desktop,檔案傳輸_gFTP,FTP檔案傳輸軟體 ,檔案傳輸_gFTP,文件传输_gFTP,FTP文件传输软件,文件传输_gFTP,FileTransfer_gFTP,檔案傳輸_gFTP,FTP檔案傳輸軟體 ,檔案傳輸_gFTP,Network;
meiga.desktop,檔案分享_Meiga,透過 Meiga 可以輕易做到類似網路上的芳鄰來分享檔案,檔案分享_Meiga,文件分享_Meiga,通过Meiga可以轻易做到类似网络上的芳邻来分享文件,文件分享_Meiga,FileSharing_Meiga,檔案分享_Meiga,透過 Meiga 可以輕易做到類似網路上的芳鄰來分享檔案,檔案分享_Meiga,Network;
pppoeconf.desktop,網路連線_pppoeconf,連線設定工具,網路連線_pppoeconf,网络连接_pppoeconf,连接设置工具,网络连接_pppoeconf,PPP_pppoeconf,網路連線_pppoeconf,連線設定工具,網路連線_pppoeconf,Network;
miro.desktop,網路電視_Miro,Miro 是一套內含 Mozilla 瀏覽器及VLC 播放軟體的跨平台影音播放軟體,網路電視_Miro,网络电视_Miro,Miro是一套内含Mozilla瀏覽器及VLC播放軟體的跨平台影音播放軟體,网络电视_Miro,WebTV_Miro,網路電視_Miro,Miro 是一套內含 Mozilla 瀏覽器及VLC 播放軟體的跨平台影音播放軟體,網路電視_Miro,Network;
iptux.desktop,區域分享_iptux,區域網際網路通訊工具,區域分享_iptux,本地分享_iptux,本地国际互联网通讯工具,本地分享_iptux,Network_iptux,區域分享_iptux,區域網際網路通訊工具,區域分享_iptux,Network;
wireshark.desktop,分析程式_Wireshark,抓網路封包必備的工具軟體,分析程式_Wireshark,分析程序_Wireshark,抓网络封包必备的工具软件,分析程序_Wireshark,Network_Wireshark,分析程式_Wireshark,抓網路封包必備的工具軟體,分析程式_Wireshark,Network;
transmission.desktop,Bt下載_Transmission,可透過 BitTorrent 協定來下載和分享檔案 ,Bt下載_Transmission,Bt下载_Transmission,可通过BitTorrent协议来下载和分享文件,Bt下载_Transmission,Bittorrent_Transmission,Bt下載_Transmission,可透過 BitTorrent 協定來下載和分享檔案 ,Bt下載_Transmission,Network;
transmission-gtk.desktop,Bt下載_Transmission,可透過 BitTorrent 協定來下載和分享檔案 ,Bt下載_Transmission,Bt下载_Transmission,可通过BitTorrent协议来下载和分享文件,Bt下载_Transmission,Bittorrent_Transmission,Bt下載_Transmission,可透過 BitTorrent 協定來下載和分享檔案 ,Bt下載_Transmission,Network;
tsclient.desktop,終端伺服器客戶端,遠端連線程式,終端伺服器客戶端,终端服务器客户端,远程连接程序,终端服务器客户端,Terminal Server,終端伺服器客戶端,遠端連線程式,終端伺服器客戶端,Network;
thunderbird.desktop,郵件管理_Thunderbird,一套歷久彌新的郵件管理軟體,郵件管理_Thunderbird,邮件管理_Thunderbird,邮件管理软件,邮件管理_Thunderbird,Mail_Thunderbird,郵件管理_Thunderbird,一套歷久彌新的郵件管理軟體,郵件管理_Thunderbird,Network;
#,免費軟體_TeamViewer,一個方便好用的遠端電腦連線軟體,免費軟體_TeamViewer,免费软件_TeamViewer,一个方便好用的远程计算机连接软件,免费软件_TeamViewer,RemoteDesktop_TeamViewer,免費軟體_TeamViewer,一個方便好用的遠端電腦連線軟體,免費軟體_TeamViewer,Network;
#遊戲,,,,,,,,,,,
blinken.desktop,記憶遊戲_Blinken,訓練記憶力的小遊戲,記憶遊戲_Blinken,记忆游戏_Blinken,训练记忆力的小游戏,记忆游戏,MemoryGame_Blinken,記憶遊戲_Blinken,訓練記憶力的小遊戲,記憶遊戲_Blinken,Game;
org.kde.blinken.desktop,記憶遊戲_Blinken,訓練記憶力的小遊戲,記憶遊戲_Blinken,记忆游戏_Blinken,训练记忆力的小游戏,记忆游戏,MemoryGame_Blinken,記憶遊戲_Blinken,訓練記憶力的小遊戲,記憶遊戲_Blinken,Game;
picmi.desktop,邏輯遊戲_Picmi,訓練邏輯能力的小遊戲,邏輯遊戲_Picmi,逻辑游戏_Picmi,训练逻辑能力的小游戏,逻辑游戏_Picmi,LogicGame_Picmi,邏輯遊戲_Picmi,訓練邏輯能力的小遊戲,邏輯遊戲_Picmi,Game;
org.kde.picmi.desktop,邏輯遊戲_Picmi,訓練邏輯能力的小遊戲,邏輯遊戲_Picmi,逻辑游戏_Picmi,训练逻辑能力的小游戏,逻辑游戏_Picmi,LogicGame_Picmi,邏輯遊戲_Picmi,訓練邏輯能力的小遊戲,邏輯遊戲_Picmi,Game;
granatier.desktop,炸彈超人_Granatier,類似炸彈超人的遊戲,炸彈超人_Granatier,炸弹超人_Granatier,类似炸弹超人的游戏,炸弹超人_Granatier,Game_Granatier,炸彈超人_Granatier,類似炸彈超人的遊戲,炸彈超人_Granatier,Game;
tuxtype.desktop,打字遊戲_Tux Typing,適合小朋友及電腦初學者練習打字的遊戲軟體,打字遊戲_Tux Typing,打字游戏_TuxTyping,适合小朋友及计算机初学者练习打字的游戏软件,打字游戏_TuxTyping,TypingGame_Tux Typing,打字遊戲_Tux Typing,適合小朋友及電腦初學者練習打字的遊戲軟體,打字遊戲_Tux Typing,Game;
tuxmath.desktop,數學遊戲_TuxMath,練習數學加減乘除的遊戲,數學遊戲_TuxMath,数学游戏_TuxMath,练习数学加减乘除的游戏,数学游戏_TuxMath,MathGame_TuxMath,數學遊戲_TuxMath,練習數學加減乘除的遊戲,數學遊戲_TuxMath,Game;
ksudoku.desktop,數獨遊戲_KSudoku,數獨遊戲,數獨遊戲_KSudoku,数独游戏_KSudoku,数独游戏,数独游戏_KSudoku,Sudoku_KSudoku,數獨遊戲_KSudoku,數獨遊戲,數獨遊戲_KSudoku,Game;
org.kde.ksudoku.desktop,數獨遊戲_KSudoku,數獨遊戲,數獨遊戲_KSudoku,数独游戏_KSudoku,数独游戏,数独游戏_KSudoku,Sudoku_KSudoku,數獨遊戲_KSudoku,數獨遊戲,數獨遊戲_KSudoku,Game;
gnome-sudoku.desktop,數獨遊戲_gnome-sudoku,透過數字格子題目來訓練邏輯能力的遊戲,數獨遊戲_gnome-sudoku,数独游戏_gnome-sudoku,通过数字格子题目来训练逻辑能力的游戏,数独游戏_gnome-sudoku,Sudoku_gnome-sudoku,數獨遊戲_gnome-sudoku,透過數字格子題目來訓練邏輯能力的遊戲,數獨遊戲_gnome-sudoku,Game;
pingus.desktop,企鵝歷險_Pingus,拯救題目要求的企鵝數量即可過關，是訓練邏輯思考的遊戲,企鵝歷險_Pingus,企鹅历险_Pingus,拯救题目要求的企鹅数量即可过关，是训练逻辑思考的游戏,企鹅历险_Pingus,Adventure_Pingus,企鵝歷險_Pingus,拯救題目要求的企鵝數量即可過關，是訓練邏輯思考的遊戲,企鵝歷險_Pingus,Game;
supertux2.desktop,超級企鵝_SuperTux,類似瑪琍歐的闖關遊戲,超級企鵝_SuperTux,超级企鹅_SuperTux,类似玛琍欧的闯关游戏,超级企鹅_SuperTux,Game_SuperTux,超級企鵝_SuperTux,類似瑪琍歐的闖關遊戲,超級企鵝_SuperTux,Game;
supertuxkart.desktop,賽車遊戲_Supertuxkart,3D賽車遊戲,賽車遊戲_Supertuxkart,赛车游戏_Supertuxkart,3D赛车游戏,赛车游戏_Supertuxkart,CarRacing_Supertuxkart,賽車遊戲_Supertuxkart,3D賽車遊戲,賽車遊戲_Supertuxkart,Game;
kapman.desktop,小精靈_Kapman,吃掉所有的豆子，並設法逃避小精靈的追捕，你就可以過關囉！,小精靈_Kapman,小向导_Kapman,吃掉所有的豆子，并设法逃避小向导的追捕，你就可以过关罗！,小向导_Kapman,Pacman_Kapman,小精靈_Kapman,吃掉所有的豆子，並設法逃避小精靈的追捕，你就可以過關囉！,小精靈_Kapman,Game;
KGoldrunner.desktop,闖關遊戲_KGoldrunner ,尋找金塊，躲避敵人，並解謎，就可以成功闖關！,闖關遊戲_KGoldrunner ,闯关游戏_KGoldrunner,寻找金块，躲避敌人，并解谜，就可以成功闯关！,闯关游戏_KGoldrunner,Game_KGoldrunner ,闖關遊戲_KGoldrunner ,尋找金塊，躲避敵人，並解謎，就可以成功闖關！,闖關遊戲_KGoldrunner ,Game;
frozen-bubble.desktop,泡泡龍_Frozen-Bubble,射完所有泡泡即可過關，是練習思考及反應力的遊戲,泡泡龍_Frozen-Bubble,泡泡龙_Frozen-Bubble,射完所有泡泡即可过关，是练习思考及反应力的游戏,泡泡龙_Frozen-Bubble,Game_Frozen-Bubble,泡泡龍_Frozen-Bubble,射完所有泡泡即可過關，是練習思考及反應力的遊戲,泡泡龍_Frozen-Bubble,Game;
klickety.desktop,棋盤遊戲_Klickety,棋盤遊戲,棋盤遊戲_Klickety,棋盘游戏_Klickety,棋盘游戏,棋盘游戏_Klickety,BoardGame_Klickety,棋盤遊戲_Klickety,棋盤遊戲,棋盤遊戲_Klickety,Game;
kdiamond.desktop,寶石方塊_KDiamond ,把三個相同的寶石連成一線即可得分,寶石方塊_KDiamond ,宝石方块_KDiamond,把三个相同的宝石连成一线即可得分,宝石方块_KDiamond,Game_KDiamond ,寶石方塊_KDiamond ,把三個相同的寶石連成一線即可得分,寶石方塊_KDiamond ,Game;
ksame.desktop,棋盤遊戲_SameGame,棋盤遊戲,棋盤遊戲_SameGame,棋盘游戏_SameGame,棋盘游戏,棋盘游戏_SameGame,BoardGame_SameGame,棋盤遊戲_SameGame,棋盤遊戲,棋盤遊戲_SameGame,Game;
kblocks.desktop,俄羅斯方塊_KBlocks,將方塊消除即可得分，是訓練思考及反應力的遊戲,俄羅斯方塊_KBlocks,俄罗斯方块_KBlocks,将方块消除即可得分，是训练思考及反应力的游戏,俄罗斯方块_KBlocks,Tetris_KBlocks,俄羅斯方塊_KBlocks,將方塊消除即可得分，是訓練思考及反應力的遊戲,俄羅斯方塊_KBlocks,Game;
org.kde.kblocks.desktop,俄羅斯方塊_KBlocks,將方塊消除即可得分，是訓練思考及反應力的遊戲,俄羅斯方塊_KBlocks,俄罗斯方块_KBlocks,将方块消除即可得分，是训练思考及反应力的游戏,俄罗斯方块_KBlocks,Tetris_KBlocks,俄羅斯方塊_KBlocks,將方塊消除即可得分，是訓練思考及反應力的遊戲,俄羅斯方塊_KBlocks,Game;
palapeli.desktop,拼圖遊戲_Palapeli,拼圖遊戲,拼圖遊戲_Palapeli,拼图游戏_Palapeli,拼图游戏,拼图游戏_Palapeli,Puzzle_Palapeli,拼圖遊戲_Palapeli,拼圖遊戲,拼圖遊戲_Palapeli,Game;
org.kde.palapeli.desktop,拼圖遊戲_Palapeli,拼圖遊戲,拼圖遊戲_Palapeli,拼图游戏_Palapeli,拼图游戏,拼图游戏_Palapeli,Puzzle_Palapeli,拼圖遊戲_Palapeli,拼圖遊戲,拼圖遊戲_Palapeli,Game;
kubrick.desktop,魔術方塊_Kubrick,立體魔術方塊遊戲,魔術方塊_Kubrick,魔术方块_Kubrick,立体魔术方块游戏,魔术方块_Kubrick,RubikCube_Kubrick,魔術方塊_Kubrick,立體魔術方塊遊戲,魔術方塊_Kubrick,Game;
org.kde.kubrick.desktop,魔術方塊_Kubrick,立體魔術方塊遊戲,魔術方塊_Kubrick,魔术方块_Kubrick,立体魔术方块游戏,魔术方块_Kubrick,RubikCube_Kubrick,魔術方塊_Kubrick,立體魔術方塊遊戲,魔術方塊_Kubrick,Game;
ksquares.desktop,連線方塊_KSquares,將線連起來組成方塊,連線方塊_KSquares,连接方块_KSquares,将线连起来组成方块,连接方块_KSquares,Game_KSquares,連線方塊_KSquares,將線連起來組成方塊,連線方塊_KSquares,Game;
org.kde.ksquares.desktop,連線方塊_KSquares,將線連起來組成方塊,連線方塊_KSquares,连接方块_KSquares,将线连起来组成方块,连接方块_KSquares,Game_KSquares,連線方塊_KSquares,將線連起來組成方塊,連線方塊_KSquares,Game;
knetwalk.desktop,連線大師_KNetWalk,透過不同管線連接的方式傳送電源給電腦的益智小遊戲,連線大師_KNetWalk,连接大师_KNetWalk,通过不同流水线连接的方式传送电源给计算机的益智小游戏,连接大师_KNetWalk,Game_KNetWalk,連線大師_KNetWalk,透過不同管線連接的方式傳送電源給電腦的益智小遊戲,連線大師_KNetWalk,Game;
org.kde.knetwalk.desktop,連線大師_KNetWalk,透過不同管線連接的方式傳送電源給電腦的益智小遊戲,連線大師_KNetWalk,连接大师_KNetWalk,通过不同流水线连接的方式传送电源给计算机的益智小游戏,连接大师_KNetWalk,Game_KNetWalk,連線大師_KNetWalk,透過不同管線連接的方式傳送電源給電腦的益智小遊戲,連線大師_KNetWalk,Game;
knetwork.desktop,連線大師_knetwork,透過不同管線連接的方式傳送電源給電腦的益智小遊戲,連線大師_knetwork,连接大师_knetwork,通过不同流水线连接的方式传送电源给计算机的益智小游戏,连接大师_knetwork,Game_knetwork,連線大師_knetwork,透過不同管線連接的方式傳送電源給電腦的益智小遊戲,連線大師_knetwork,Game;
klines.desktop,連線遊戲_Kolor Lines,色彩連線益智遊戲,連線遊戲_Kolor Lines,连接游戏_KolorLines,色彩连接益智游戏,连接游戏_KolorLines,Game_Kolor Lines,連線遊戲_Kolor Lines,色彩連線益智遊戲,連線遊戲_Kolor Lines,Game;
kmines.desktop,踩地雷_KMines,踩地雷遊戲,踩地雷_KMines,踩地雷_KMines,踩地雷游戏,踩地雷_KMines,Game_KMines,踩地雷_KMines,踩地雷遊戲,踩地雷_KMines,Game;
katomic.desktop,倉庫番_KAtomic,倉庫番式的智力遊戲,倉庫番_KAtomic,仓库番_KAtomic,仓库番式的智力游戏,仓库番_KAtomic,Sokoban_KAtomic,倉庫番_KAtomic,倉庫番式的智力遊戲,倉庫番_KAtomic,Game;
org.kde.katomic.desktop,倉庫番_KAtomic,倉庫番式的智力遊戲,倉庫番_KAtomic,仓库番_KAtomic,仓库番式的智力游戏,仓库番_KAtomic,Sokoban_KAtomic,倉庫番_KAtomic,倉庫番式的智力遊戲,倉庫番_KAtomic,Game;
kblackbox.desktop,黑盒子_KBlackBox,黑盒子智力遊戲,黑盒子_KBlackBox,黑盒子_KBlackBox,黑盒子智力游戏,黑盒子_KBlackBox,LogicGame_KBlackBox,黑盒子_KBlackBox,黑盒子智力遊戲,黑盒子_KBlackBox,Game;
org.kde.kblackbox.desktop,黑盒子_KBlackBox,黑盒子智力遊戲,黑盒子_KBlackBox,黑盒子_KBlackBox,黑盒子智力游戏,黑盒子_KBlackBox,LogicGame_KBlackBox,黑盒子_KBlackBox,黑盒子智力遊戲,黑盒子_KBlackBox,Game;
kbreakout.desktop,打磚塊_KBreakOut,打磚塊遊戲,打磚塊_KBreakOut,打砖块_KBreakOut,打砖块游戏,打砖块_KBreakOut,BreakOut_KBreakOut,打磚塊_KBreakOut,打磚塊遊戲,打磚塊_KBreakOut,Game;
kbounce.desktop,彈力球_KBounce,彈力球遊戲,彈力球_KBounce,弹力球_KBounce,弹力球游戏,弹力球_KBounce,Game_KBounce,彈力球_KBounce,彈力球遊戲,彈力球_KBounce,Game;
kollision.desktop,躲避球_Kollision,訓練反應的躲避球遊戲,躲避球_Kollision,躲避球_Kollision,训练反应的躲避球游戏,躲避球_Kollision,Game_Kollision,躲避球_Kollision,訓練反應的躲避球遊戲,躲避球_Kollision,Game;
kolf.desktop,高爾夫球_Kolf,具有機關及各種打法的高爾夫球，是訓練思考力的運動類遊戲,高爾夫球_Kolf,高尔夫球_Kolf,具有机关及各种打法的高尔夫球，是训练思考力的运动类游戏,高尔夫球_Kolf,Game_Kolf,高爾夫球_Kolf,具有機關及各種打法的高爾夫球，是訓練思考力的運動類遊戲,高爾夫球_Kolf,Game;
kdesnake.desktop,吞食蛇_Ksnake,吞食蛇遊戲,吞食蛇_Ksnake,吞食蛇_Ksnake,吞食蛇游戏,吞食蛇_Ksnake,Game_Ksnake,吞食蛇_Ksnake,吞食蛇遊戲,吞食蛇_Ksnake,Game;
ktron.desktop,吞食蛇_KSnakeDuel,進階吞食蛇遊戲,吞食蛇_KSnakeDuel,吞食蛇_KSnakeDuel,高级吞食蛇游戏,吞食蛇_KSnakeDuel,Game_KSnakeDuel,吞食蛇_KSnakeDuel,進階吞食蛇遊戲,吞食蛇_KSnakeDuel,Game;
kigo.desktop,圍棋_Kigo,圍棋遊戲,圍棋_Kigo,围棋_Kigo,围棋游戏,围棋_Kigo,BoardGame_Kigo,圍棋_Kigo,圍棋遊戲,圍棋_Kigo,Game;
org.kde.kigo.desktop,圍棋_Kigo,圍棋遊戲,圍棋_Kigo,围棋_Kigo,围棋游戏,围棋_Kigo,BoardGame_Kigo,圍棋_Kigo,圍棋遊戲,圍棋_Kigo,Game;
kreversi.desktop,黑白棋_KReversi,黑白棋棋盤遊戲,黑白棋_KReversi,黑白棋_KReversi,黑白棋棋盘游戏,黑白棋_KReversi,BoardGame_KReversi,黑白棋_KReversi,黑白棋棋盤遊戲,黑白棋_KReversi,Game;
org.kde.kreversi.desktop,黑白棋_KReversi,黑白棋棋盤遊戲,黑白棋_KReversi,黑白棋_KReversi,黑白棋棋盘游戏,黑白棋_KReversi,BoardGame_KReversi,黑白棋_KReversi,黑白棋棋盤遊戲,黑白棋_KReversi,Game;
kfourinline.desktop,四子棋_KfourInLine,四子棋棋盤遊戲,四子棋_KfourInLine,四子棋_KfourInLine,四子棋棋盘游戏,四子棋_KfourInLine,BoardGame_KfourInLine,四子棋_KfourInLine,四子棋棋盤遊戲,四子棋_KfourInLine,Game;
org.kde.kfourinline.desktop,四子棋_KfourInLine,四子棋棋盤遊戲,四子棋_KfourInLine,四子棋_KfourInLine,四子棋棋盘游戏,四子棋_KfourInLine,BoardGame_KfourInLine,四子棋_KfourInLine,四子棋棋盤遊戲,四子棋_KfourInLine,Game;
kbovo.desktop,五子棋_kbovo,五子棋棋盤遊戲,五子棋_kbovo,五子棋_kbovo,五子棋棋盘游戏,五子棋_kbovo,BoardGame_kbovo,五子棋_kbovo,五子棋棋盤遊戲,五子棋_kbovo,Game;
bovo.desktop,五子棋_Bovo,五子棋棋盤遊戲,五子棋_Bovo,五子棋_Bovo,五子棋棋盘游戏,五子棋_Bovo,BoardGame_Bovo,五子棋_Bovo,五子棋棋盤遊戲,五子棋_Bovo,Game;
org.kde.bovo.desktop,五子棋_Bovo,五子棋棋盤遊戲,五子棋_Bovo,五子棋_Bovo,五子棋棋盘游戏,五子棋_Bovo,BoardGame_Bovo,五子棋_Bovo,五子棋棋盤遊戲,五子棋_Bovo,Game;
kajongg.desktop,麻將遊戲_Kajongg,傳統四人麻將遊戲,麻將遊戲_Kajongg,麻将游戏_Kajongg,传统四人麻将游戏,麻将游戏_Kajongg,Mahjongg_Kajongg,麻將遊戲_Kajongg,傳統四人麻將遊戲,麻將遊戲_Kajongg,Game;
kmahjongg.desktop,麻將遊戲_KMahjongg,訓練記憶配對的上海麻將遊戲,麻將遊戲_KMahjongg,麻将游戏_KMahjongg,训练记忆配对的上海麻将游戏,麻将游戏_KMahjongg,BoardGame_KMahjongg,麻將遊戲_KMahjongg,訓練記憶配對的上海麻將遊戲,麻將遊戲_KMahjongg,Game;
kshisen.desktop,麻將遊戲_Shisen-Sho,訓練記憶配對的四川省麻將遊戲,麻將遊戲_Shisen-Sho,麻将游戏_Shisen-Sho,训练记忆配对的四川省麻将游戏,麻将游戏_Shisen-Sho,BoardGame_Shisen-Sho,麻將遊戲_Shisen-Sho,訓練記憶配對的四川省麻將遊戲,麻將遊戲_Shisen-Sho,Game;
kiriki.desktop,骰子遊戲_Kiriki,骰子遊戲,骰子遊戲_Kiriki,骰子游戏_Kiriki,骰子游戏,骰子游戏_Kiriki,Game_Kiriki,骰子遊戲_Kiriki,骰子遊戲,骰子遊戲_Kiriki,Game;
kjumpingcube.desktop,骰子遊戲_KJumpingCube,以骰子為主題的策略遊戲,骰子遊戲_KJumpingCube,骰子游戏_KJumpingCube,以骰子为主题的策略游戏,骰子游戏_KJumpingCube,Game_KJumpingCube,骰子遊戲_KJumpingCube,以骰子為主題的策略遊戲,骰子遊戲_KJumpingCube,Game;
lskat.desktop,紙牌遊戲_LSkat,紙牌遊戲,紙牌遊戲_LSkat,纸牌游戏_LSkat,纸牌游戏,纸牌游戏_LSkat,Solitaire_LSkat,紙牌遊戲_LSkat,紙牌遊戲,紙牌遊戲_LSkat,Game;
kpat.desktop,紙牌遊戲_KPatience,單人玩的紙牌遊戲,紙牌遊戲_KPatience,纸牌游戏_KPatience,单人玩的纸牌游戏,纸牌游戏_KPatience,Solitaire_KPatience,紙牌遊戲_KPatience,單人玩的紙牌遊戲,紙牌遊戲_KPatience,Game;
bomber.desktop,戰鬥機_bomber,戰鬥機遊戲,戰鬥機_bomber,战斗机_bomber,战斗机游戏,战斗机_bomber,Game_bomber,戰鬥機_bomber,戰鬥機遊戲,戰鬥機_bomber,Game;
konquest.desktop,銀河征戰_Konquest,銀河戰略遊戲,銀河征戰_Konquest,银河征战_Konquest,银河战略游戏,银河征战_Konquest,Game_Konquest,銀河征戰_Konquest,銀河戰略遊戲,銀河征戰_Konquest,Game;
kbattleship.desktop,海上戰爭_kbattleship,擊沉船隻的遊戲,海上戰爭_kbattleship,海上战争_kbattleship,击沉船只的游戏,海上战争_kbattleship,Game_kbattleship,海上戰爭_kbattleship,擊沉船隻的遊戲,海上戰爭_kbattleship,Game;
kspaceduel.desktop,決戰星空_KSpaceDuel ,以星際戰爭為主題的大型遊戲機遊戲,決戰星空_KSpaceDuel ,决战星空_KSpaceDuel,以星际战争为主题的大型游戏机游戏,决战星空_KSpaceDuel,Game_KSpaceDuel ,決戰星空_KSpaceDuel ,以星際戰爭為主題的大型遊戲機遊戲,決戰星空_KSpaceDuel ,Game;
killbots.desktop,征服機器人_Killbots,征服機器人遊戲,征服機器人_Killbots,征服机器人_Killbots,征服机器人游戏,征服机器人_Killbots,Game_Killbots,征服機器人_Killbots,征服機器人遊戲,征服機器人_Killbots,Game;
ksirk.desktop,征服世界_KsirK,征服世界戰略遊戲,征服世界_KsirK,征服世界_KsirK,征服世界战略游戏,征服世界_KsirK,Game_KsirK,征服世界_KsirK,征服世界戰略遊戲,征服世界_KsirK,Game;
ksirkskineditor.desktop,征服世界_KsirK Editor,征服世界戰略遊戲的外觀編輯器,征服世界_KsirK Editor,征服世界_KsirKEditor,征服世界战略游戏的外观编辑器,征服世界_KsirKEditor,Game_KsirK Editor,征服世界_KsirK Editor,征服世界戰略遊戲的外觀編輯器,征服世界_KsirK Editor,Game;
gnotski.desktop,華容道_gnotski,透過推箱子到目地的方式來訓練邏輯能力的遊戲,華容道_gnotski,华容道_gnotski,通过推箱子到目地的方式来训练逻辑能力的游戏,华容道_gnotski,Game_gnotski,華容道_gnotski,透過推箱子到目地的方式來訓練邏輯能力的遊戲,華容道_gnotski,Game;
gnotravex.desktop,數字拼圖_gnotravex,透過簡單拼圖遊戲訓練邏輯思考能力,數字拼圖_gnotravex,数字拼图_gnotravex,通过简单拼图游戏训练逻辑思考能力,数字拼图_gnotravex,Game_gnotravex,數字拼圖_gnotravex,透過簡單拼圖遊戲訓練邏輯思考能力,數字拼圖_gnotravex,Game;
pinball.desktop,彈珠台_Pinball,透過彈珠的彈射來得分，是練習專注力及反應力的遊戲,彈珠台_Pinball,弹珠台_Pinball,通过弹珠的弹射来得分，是练习专注力及反应力的游戏,弹珠台_Pinball,Pinball_Pinball,彈珠台_Pinball,透過彈珠的彈射來得分，是練習專注力及反應力的遊戲,彈珠台_Pinball,Game;
lbreakout2.desktop,打磚塊_lbreakout2,敲完所有的磚塊即過關，是練習專注力及反應力的遊戲,打磚塊_lbreakout2,打砖块_lbreakout2,敲完所有的砖块即过关，是练习专注力及反应力的游戏,打砖块_lbreakout2,Breakout_lbreakout2,打磚塊_lbreakout2,敲完所有的磚塊即過關，是練習專注力及反應力的遊戲,打磚塊_lbreakout2,Game;
kblocks.desktop,俄羅斯方塊_KBlocks,將方塊消除即可得分，是訓練思考及反應力的遊戲,俄羅斯方塊_KBlocks,俄罗斯方块_KBlocks,将方块消除即可得分，是训练思考及反应力的游戏,俄罗斯方块_KBlocks,Tetris_KBlocks,俄羅斯方塊_KBlocks,將方塊消除即可得分，是訓練思考及反應力的遊戲,俄羅斯方塊_KBlocks,Game;
kolf.desktop,高爾夫球_Kolf,具有機關及各種打法的高爾夫球，是訓練思考力的遊戲,高爾夫球_Kolf,高尔夫球_Kolf,具有机关及各种打法的高尔夫球，是训练思考力的游戏,高尔夫球_Kolf,Game_Kolf,高爾夫球_Kolf,具有機關及各種打法的高爾夫球，是訓練思考力的遊戲,高爾夫球_Kolf,Game;
tuxpuck.desktop,桌上冰球_Tuxpuck,類似冰上曲棍球，是訓練反應力的遊戲,桌上冰球_Tuxpuck,桌上冰球_Tuxpuck,类似冰上曲棍球，是训练反应力的游戏,桌上冰球_Tuxpuck,Game_Tuxpuck,桌上冰球_Tuxpuck,類似冰上曲棍球，是訓練反應力的遊戲,桌上冰球_Tuxpuck,Game;
glchess.desktop,國際象棋_glchess,國際象棋，支持多種引擎，並且具有2D、3D外觀支持。,國際象棋_glchess,国际象棋_glchess,国际象棋，支持多种引擎，并且具有2D、3D外观支持。,国际象棋_glchess,BoardGame_glchess,國際象棋_glchess,國際象棋，支持多種引擎，並且具有2D、3D外觀支持。,國際象棋_glchess,Game;
mahjongg.desktop,上海麻將_mahjongg,將不斷掉落的各形狀方塊拼合在一起，是訓練思考及觀察力的遊戲,上海麻將_mahjongg,上海麻将_mahjongg,将不断掉落的各形状方块拼合在一起，是训练思考及观察力的游戏,上海麻将_mahjongg,BoardGame_mahjongg,上海麻將_mahjongg,將不斷掉落的各形狀方塊拼合在一起，是訓練思考及觀察力的遊戲,上海麻將_mahjongg,Game;
gnomine.desktop,踩地雷_gnomine,清除方格陣中隱藏的地雷即過關，是訓練邏輯計算力的遊戲,踩地雷_gnomine,踩地雷_gnomine,清除方格阵中隐藏的地雷即过关，是训练逻辑计算力的游戏,踩地雷_gnomine,Game_gnomine,踩地雷_gnomine,清除方格陣中隱藏的地雷即過關，是訓練邏輯計算力的遊戲,踩地雷_gnomine,Game;
sol.desktop,接龍遊戲_AisleRiot ,不同類型的接龍遊戲，是訓練思考及觀察力的遊戲,接龍遊戲_AisleRiot ,接龙游戏_AisleRiot,不同类型的接龙游戏，是训练思考及观察力的游戏,接龙游戏_AisleRiot,Solitaire_AisleRiot ,接龍遊戲_AisleRiot ,不同類型的接龍遊戲，是訓練思考及觀察力的遊戲,接龍遊戲_AisleRiot ,Game;
#教育,,,,,,,,,,,
R.desktop,統計_R,一套統計領域相當出名的軟體,統計_R,统计_R,一套统计领域相当出名的软件,统计_R,Statistics_R,統計_R,一套統計領域相當出名的軟體,統計_R,Education;
rkward.desktop,統計_RKward,R 的 KDE 前端介面,統計_RKward,统计_RKward,R的KDE前端界面,统计_RKward,Statistics_RKward,統計_RKward,R 的 KDE 前端介面,統計_RKward,Education;
gnumeric.desktop,統計_Gnumeric,統計軟體,統計_Gnumeric,统计_Gnumeric,统计软件,统计_Gnumeric,Statistics_Gnumeric,統計_Gnumeric,統計軟體,統計_Gnumeric,Education;
gcompris.desktop,幼教_GCompris,一套適合二到十歲的教育遊戲，內含電腦、數學、語言等類別,幼教_GCompris,幼教_GCompris,一套适合二到十岁的教育游戏，内含计算机、数学、语言等类型,幼教_GCompris,Toddler_GCompris,幼教_GCompris,一套適合二到十歲的教育遊戲，內含電腦、數學、語言等類別,幼教_GCompris,Education;
gcompris-edit.desktop,幼教_GCompris Edit,Gcompris 管理器,幼教_GCompris Edit,幼教_GComprisEdit,Gcompris管理器,幼教_GComprisEdit,Toddler_GCompris Edit,幼教_GCompris Edit,Gcompris 管理器,幼教_GCompris Edit,Education;
ktouch.desktop,打字練習_KTouch,適合小朋友及電腦初學者練習打字的軟體,打字練習_KTouch,打字练习_KTouch,适合小朋友及计算机初学者练习打字的软件,打字练习_KTouch,Typing_KTouch,打字練習_KTouch,適合小朋友及電腦初學者練習打字的軟體,打字練習_KTouch,Education;
org.kde.ktouch.desktop,打字練習_KTouch,適合小朋友及電腦初學者練習打字的軟體,打字練習_KTouch,打字练习_KTouch,适合小朋友及计算机初学者练习打字的软件,打字练习_KTouch,Typing_KTouch,打字練習_KTouch,適合小朋友及電腦初學者練習打字的軟體,打字練習_KTouch,Education;
klavaro.desktop,打字練習_Klavaro,適合小朋友及電腦初學者練習打字的軟體,打字練習_Klavaro,打字练习_Klavaro,适合小朋友及计算机初学者练习打字的软件,打字练习_Klavaro,Typing_Klavaro,打字練習_Klavaro,適合小朋友及電腦初學者練習打字的軟體,打字練習_Klavaro,Education;
ktuberling.desktop,馬鈴薯小子_Ktuberling,一款為小朋友設計的語言學習遊戲,馬鈴薯小子_Ktuberling,马铃薯小子_Ktuberling,一款为小朋友设计的语言学习游戏,马铃薯小子_Ktuberling,Language_Ktuberling,馬鈴薯小子_Ktuberling,一款為小朋友設計的語言學習遊戲,馬鈴薯小子_Ktuberling,Education;
org.kde.ktuberling.desktop,馬鈴薯小子_Ktuberling,一款為小朋友設計的語言學習遊戲,馬鈴薯小子_Ktuberling,马铃薯小子_Ktuberling,一款为小朋友设计的语言学习游戏,马铃薯小子_Ktuberling,Language_Ktuberling,馬鈴薯小子_Ktuberling,一款為小朋友設計的語言學習遊戲,馬鈴薯小子_Ktuberling,Education;
anki.desktop,閃示卡記憶_Anki,可插入影音的快閃式字卡練習軟體,閃示卡記憶_Anki,闪示卡记忆_Anki,可插入影音的快闪式字卡练习软件,闪示卡记忆_Anki,Language_Anki,閃示卡記憶_Anki,可插入影音的快閃式字卡練習軟體,閃示卡記憶_Anki,Education;
parley.desktop,語言_Parley,英文字彙訓練的軟體,語言_Parley,语言_Parley,英文字汇训练的软件,语言_Parley,Language_Parley,語言_Parley,英文字彙訓練的軟體,語言_Parley,Education;
org.kde.parley.desktop,語言_Parley,英文字彙訓練的軟體,語言_Parley,语言_Parley,英文字汇训练的软件,语言_Parley,Language_Parley,語言_Parley,英文字彙訓練的軟體,語言_Parley,Education;
org.kde.kiten.desktop,日語學習_Kiten,學習日語的軟體,語言_Kiten,语言_Kiten,学习日语的软件,日语学习_Kiten,Language_Kiten,語言_Kiten,日語學習的軟體,語言_Kiten,Education;
klettres.desktop,語言_KLettres,字母與發音學習程式,語言_KLettres,语言_KLettres,字母与发音学习程序,语言_KLettres,Language_KLettres,語言_KLettres,字母與發音學習程式,語言_KLettres,Education;
org.kde.klettres.desktop,語言_KLettres,字母與發音學習程式,語言_KLettres,语言_KLettres,字母与发音学习程序,语言_KLettres,Language_KLettres,語言_KLettres,字母與發音學習程式,語言_KLettres,Education;
kwordquiz.desktop,語言_KWordQuiz,可利用閃卡學習單字的軟體,語言_KWordQuiz,语言_KWordQuiz,可利用闪卡学习单字的软件,语言_KWordQuiz,Language_KWordQuiz,語言_KWordQuiz,可利用閃卡學習單字的軟體,語言_KWordQuiz,Education;
kanagram.desktop,語言_Kanagram,字母排序遊戲,語言_Kanagram,语言_Kanagram,字母排序游戏,语言_Kanagram,Language_Kanagram,語言_Kanagram,字母排序遊戲,語言_Kanagram,Education;
org.kde.kanagram.desktop,語言_Kanagram,字母排序遊戲,語言_Kanagram,语言_Kanagram,字母排序游戏,语言_Kanagram,Language_Kanagram,語言_Kanagram,字母排序遊戲,語言_Kanagram,Education;
khangman.desktop,語言_KHangMan,單字記憶遊戲,語言_KHangMan,语言_KHangMan,单字记忆游戏,语言_KHangMan,Language_KHangMan,語言_KHangMan,單字記憶遊戲,語言_KHangMan,Education;
step.desktop,物理_Step,物理模擬軟體,物理_Step,物理_Step,物理仿真软件,物理_Step,Physics_Step,物理_Step,物理模擬軟體,物理_Step,Education;
OpticalRayTracer.desktop,物理光學_OpticalRayTracer,物理光學軟體,物理光學_OpticalRayTracer,物理光学_OpticalRayTracer,物理光学软件,物理光学_OpticalRayTracer,Physics_OpticalRayTracer,物理光學_OpticalRayTracer,物理光學軟體,物理光學_OpticalRayTracer,Education;
marble.desktop,地理_Marble,學習地理、地圖瀏覽的軟體,地理_Marble,地理_Marble,学习地理、地图浏览的软件,地理_Marble,Geography_Marble,地理_Marble,學習地理、地圖瀏覽的軟體,地理_Marble,Education;
kgeography.desktop,地理_KGeography,學習地理、地圖瀏覽的軟體,地理_KGeography,地理_KGeography,学习地理、地图浏览的软件,地理_KGeography,Geography_KGeography,地理_KGeography,學習地理、地圖瀏覽的軟體,地理_KGeography,Education;
org.kde.kgeography.desktop,地理_KGeography,學習地理、地圖瀏覽的軟體,地理_KGeography,地理_KGeography,学习地理、地图浏览的软件,地理_KGeography,Geography_KGeography,地理_KGeography,學習地理、地圖瀏覽的軟體,地理_KGeography,Education;
googleearth.desktop,地球儀_Google Earth,結合衛星、圖資與GIS的地球儀軟體,地球儀_Google Earth,地球仪_GoogleEarth,结合卫星、图资与GIS的地球仪软件,地球仪_GoogleEarth,Geography_Google Earth,地球儀_Google Earth,結合衛星、圖資與GIS的地球儀軟體,地球儀_Google Earth,Education;
kstars.desktop,天文_KStars,顯示時間、天氣和地理位置的星相軟體,天文_KStars,天文_KStars,显示时间、天气和地理位置的星相软件,天文_KStars,Astros_KStars,天文_KStars,顯示時間、天氣和地理位置的星相軟體,天文_KStars,Education;
stellarium.desktop,天文_Stellarium,即時顯示時間和所在位置的星座軟體,天文_Stellarium,天文_Stellarium,即时显示时间和所在位置的星座软件,天文_Stellarium,Astros_Stellarium,天文_Stellarium,即時顯示時間和所在位置的星座軟體,天文_Stellarium,Education;
celestia.desktop,天文_Celestia,可流暢地顯示高解析度影像的天文軟體,天文_Celestia,天文_Celestia,可流畅地显示高分辨率影像的天文软件,天文_Celestia,Astros_Celestia,天文_Celestia,可流暢地顯示高解析度影像的天文軟體,天文_Celestia,Education;
kbruch.desktop,數學_KBruch,學習計算與分數的軟體,數學_KBruch,数学_KBruch,学习计算与分数的软件,数学_KBruch,Math_KBruch,數學_KBruch,學習計算與分數的軟體,數學_KBruch,Education;
org.kde.kbruch.desktop,數學_KBruch,學習計算與分數的軟體,數學_KBruch,数学_KBruch,学习计算与分数的软件,数学_KBruch,Math_KBruch,數學_KBruch,學習計算與分數的軟體,數學_KBruch,Education;
kig.desktop,數學_Kig,用於描繪幾何結構的軟體,數學_Kig,数学_Kig,用于描绘几何结构的软件,数学_Kig,Math_Kig,數學_Kig,用於描繪幾何結構的軟體,數學_Kig,Education;
org.kde.kig.desktop,數學_Kig,用於描繪幾何結構的軟體,數學_Kig,数学_Kig,用于描绘几何结构的软件,数学_Kig,Math_Kig,數學_Kig,用於描繪幾何結構的軟體,數學_Kig,Education;
drgeo.desktop,數學_Dr.Geo,尺規製圖的幾何數理軟體,數學_Dr.Geo,数学_Dr.Geo,尺规制图的几何数理软件,数学_Dr.Geo,Math_Dr.Geo,數學_Dr.Geo,尺規製圖的幾何數理軟體,數學_Dr.Geo,Education;
kmplot.desktop,數學_KmPlot,繪製數學函數的軟體,數學_KmPlot,数学_KmPlot,绘制数学函数的软件,数学_KmPlot,Math_KmPlot,數學_KmPlot,繪製數學函數的軟體,數學_KmPlot,Education;
org.kde.kmplot.desktop,數學_KmPlot,繪製數學函數的軟體,數學_KmPlot,数学_KmPlot,绘制数学函数的软件,数学_KmPlot,Math_KmPlot,數學_KmPlot,繪製數學函數的軟體,數學_KmPlot,Education;
geogebra.desktop,數學_GeoGebra,繪製幾何圖形的軟體,數學_GeoGebra,数学_GeoGebra,绘制几何图形的软件,数学_GeoGebra,Math_GeoGebra,數學_GeoGebra,繪製幾何圖形的軟體,數學_GeoGebra,Education;
wxMaxima.desktop,數學_wxMaxima,用LISP編寫的計算機代數系統，用於公式推導和符號計算,數學_wxMaxima,数学_wxMaxima,用LISP编写的计算器代数系统，用于公式推导和符号计算,数学_wxMaxima,Math_wxMaxima,數學_wxMaxima,用LISP編寫的計算機代數系統，用於公式推導和符號計算,數學_wxMaxima,Education;
kalgebra.desktop,數學_KAlgebra,圖形計算器,數學_KAlgebra,数学_KAlgebra,图形计算机,数学_KAlgebra,Math_KAlgebra,數學_KAlgebra,圖形計算器,數學_KAlgebra,Education;
cantor.desktop,數學_Cantor,KAlgebra圖形計算器的前端介面,數學_Cantor,数学_Cantor,KAlgebra图形计算机的后端界面,数学_Cantor,Math_Cantor,數學_Cantor,KAlgebra圖形計算器的前端介面,數學_Cantor,Education;
org.kde.cantor.desktop,數學_Cantor,KAlgebra圖形計算器的前端介面,數學_Cantor,数学_Cantor,KAlgebra图形计算机的后端界面,数学_Cantor,Math_Cantor,數學_Cantor,KAlgebra圖形計算器的前端介面,數學_Cantor,Education;
kayali.desktop,數學_Kayali,圖形介面之運算 (Maxima) 及繪圖 (GNUplot) 軟體,數學_Kayali,数学_Kayali,图形界面之运算(Maxima)及绘图(GNUplot)软件,数学_Kayali,Math_Kayali,數學_Kayali,圖形介面之運算 (Maxima) 及繪圖 (GNUplot) 軟體,數學_Kayali,Education;
geometria.desktop,數學_geometria,繪製幾何圖形,數學_geometria,数学_geometria,绘制几何图形,数学_geometria,Math_geometria,數學_geometria,繪製幾何圖形,數學_geometria,Education;
rocs.desktop,資料結構分析_Rocs,圖形理論資料結構分析工具,資料結構分析_Rocs,数据结构分析_Rocs,图形理论数据结构分析工具,数据结构分析_Rocs,DataStructure_Rocs,資料結構分析_Rocs,圖形理論資料結構分析工具,資料結構分析_Rocs,Education;
org.kde.rocs.desktop,資料結構分析_Rocs,圖形理論資料結構分析工具,資料結構分析_Rocs,数据结构分析_Rocs,图形理论数据结构分析工具,数据结构分析_Rocs,DataStructure_Rocs,資料結構分析_Rocs,圖形理論資料結構分析工具,資料結構分析_Rocs,Education;
kalzium.desktop,化學_Kalzium,元素週期表軟體,化學_Kalzium,化学_Kalzium,元素周期表软件,化学_Kalzium,Chemistry_Kalzium,化學_Kalzium,元素週期表軟體,化學_Kalzium,Education;
org.kde.kalzium.desktop,化學_Kalzium,元素週期表軟體,化學_Kalzium,化学_Kalzium,元素周期表软件,化学_Kalzium,Chemistry_Kalzium,化學_Kalzium,元素週期表軟體,化學_Kalzium,Education;
bkchem.desktop,化學_BKchem,平面化學分子的繪圖軟體,化學_BKchem,化学_BKchem,平面化学分子的绘图软件,化学_BKchem,Chemistry_BKchem,化學_BKchem,平面化學分子的繪圖軟體,化學_BKchem,Education;
ghemical.desktop,化學_Ghemical,化學立體分子繪圖軟體,化學_Ghemical,化学_Ghemical,化学立体分子绘图软件,化学_Ghemical,Chemistry_Ghemical,化學_Ghemical,化學立體分子繪圖軟體,化學_Ghemical,Education;
avogadro.desktop,化學_Avogadro,化學立體分子繪圖軟體,化學_Avogadro,化学_Avogadro,化学立体分子绘图软件,化学_Avogadro,Chemistry_Avogadro,化學_Avogadro,化學立體分子繪圖軟體,化學_Avogadro,Education;
gchempaint-0.12.desktop,化學_GchemPaint,化學結構編輯軟體,化學_GchemPaint,化学_GchemPaint,化学结构编辑软件,化学_GchemPaint,Chemistry_GchemPaint,化學_GchemPaint,化學結構編輯軟體,化學_GchemPaint,Education;
gchempaint-0.14.desktop,化學_GchemPaint,化學結構編輯軟體,化學_GchemPaint,化学_GchemPaint,化学结构编辑软件,化学_GchemPaint,Chemistry_GchemPaint,化學_GchemPaint,化學結構編輯軟體,化學_GchemPaint,Education;
pymol.desktop,生化_Pymol,立體分子繪圖及看圖軟體,生化_Pymol,生化_Pymol,立体分子绘图及看图软件,生化_Pymol,Chemistry_Pymol,生化_Pymol,立體分子繪圖及看圖軟體,生化_Pymol,Education;
ballview.desktop,生化_BALLView,3D分子建模生化軟體,生化_BALLView,生化_BALLView,3D分子建模生化软件,生化_BALLView,Chemistry_BALLView,生化_BALLView,3D分子建模生化軟體,生化_BALLView,Education;
#程式開發,,,,,,,,,,,
fritzing.desktop,電路設計_Fritzing,是一套設計PCB (Printed Circuit Board) 印刷電路板的軟體，是特別給設計師、藝術家、研究者以及業餘玩家使用的工具,電路設計_Fritzing,电路设计_Fritzing,是一套设计PCB(PrintedCircuitBoard)印刷电路板的软件，是特别给设计师、艺术家、研究者以及业余玩家使用的工具,电路设计_Fritzing,CircuitDesign_Fritzing,電路設計_Fritzing,是一套設計PCB (Printed Circuit Board) 印刷電路板的軟體，是特別給設計師、藝術家、研究者以及業餘玩家使用的工具,電路設計_Fritzing,Development;
scratch.desktop,程式設計_Scratch,一套圖形化程式設計軟體，適合8歲以上的中小學生作為學習程式設計的入門軟體,程式設計_Scratch,编程_Scratch,一套图形化编程软件，适合8岁以上的中小学生作为学习编程的入门软件,编程_Scratch,Programming_Scratch,程式設計_Scratch,一套圖形化程式設計軟體，適合8歲以上的中小學生作為學習程式設計的入門軟體,程式設計_Scratch,Development;
edu.media.mit.scratch2editor.desktop,程式設計_Scratch2,一套圖形化程式設計軟體，適合8歲以上的中小學生作為學習程式設計的入門軟體,程式設計_Scratch2,编程_Scratch2,一套图形化编程软件，适合8岁以上的中小学生作为学习编程的入门软件,编程_Scratch2,Programming_Scratch2,程式設計_Scratch2,一套圖形化程式設計軟體，適合8歲以上的中小學生作為學習程式設計的入門軟體,程式設計_Scratch2,Development;
s4a.desktop,程式設計_S4A,结合Scratch與Arduino，讓孩子們學習程式設計的入門軟體,程式設計_S4A,编程_S4A,结合Scratch与Arduino，让孩子们学习编程的入门软件,编程_S4A,Programming_S4A,程式設計_S4A,结合Scratch與Arduino，讓孩子們學習程式設計的入門軟體,程式設計_S4A,Development;
arduino.desktop,程式設計_Arduino,將 Firmware 寫入 Arduino 板子的軟體,程式設計_Arduino,编程_Arduino,可将 Firwmware 写入 Arduino 板子的软件,编程_Arduino,Programming_Arduino,程式設計_Arduino,將 Firmware 寫入 Arduino 板子的軟體,程式設計_Arduino,Development;
arduino-arduinoide.desktop,程式設計_Arduino,將 Firmware 寫入 Arduino 板子的軟體,程式設計_Arduino,编程_Arduino,可将 Firwmware 写入 Arduino 板子的软件,编程_Arduino,Programming_Arduino,程式設計_Arduino,將 Firmware 寫入 Arduino 板子的軟體,程式設計_Arduino,Development;
transformer.desktop,平民化機器人_Transformer,將S4A、S2A、Picoboard... 等外部裝置的韌體整合在一個介面上，省去在網路上找尋韌體的時間,平民化機器人_Transformer,平民化機器人_Transformer,將S4A、S2A、Picoboard... 等外部裝置的韌體整合在一個介面上，省去在網路上找尋韌體的時間,平民化機器人_Transformer,Transformer,平民化機器人_Transformer,將S4A、S2A、Picoboard... 等外部裝置的韌體整合在一個介面上，省去在網路上找尋韌體的時間,平民化機器人_Transformer,Development;
greenfoot.desktop,程式設計_Greenfoot,一套圖形化程式設計軟體，適合學習  JAVA 程式語言設計的入門軟體,程式設計_Greenfoot,编程_Greenfoot,一套图形化编程软件，适合学习JAVA程序语言设计的入门软件,编程_Greenfoot,Programming_Greenfoot,程式設計_Greenfoot,一套圖形化程式設計軟體，適合學習  JAVA 程式語言設計的入門軟體,程式設計_Greenfoot,Development;
alice.desktop,程式設計_Alice,圖形化 3D 動畫程式設計 ,程式設計_Alice,编程_Alice,图形化3D动画编程,编程_Alice,Programming_Alice,程式設計_Alice,圖形化 3D 動畫程式設計 ,程式設計_Alice,Development;
kturtle.desktop,程式設計_KTurtle,適合用於小朋友學習寫程式的入門軟體,程式設計_KTurtle,编程_KTurtle,适合用于小朋友学习写程序的入门软件,编程_KTurtle,Programming_KTurtle,程式設計_KTurtle,適合用於小朋友學習寫程式的入門軟體,程式設計_KTurtle,Development;
squeak.desktop,程式設計_Squeak,適合用於小朋友學習寫程式的入門軟體,程式設計_Squeak,编程_Squeak,适合用于小朋友学习写程序的入门软件,编程_Squeak,Programming_Squeak,程式設計_Squeak,適合用於小朋友學習寫程式的入門軟體,程式設計_Squeak,Development;
geany.desktop,整合開發環境_Geany,多功能的整合開發環境編輯軟體,整合開發環境_Geany,集成开发环境_Geany,多功能的整合开发环境编辑软件,整合开发环境_Geany,IDE_Geany,整合開發環境_Geany,多功能的整合開發環境編輯軟體,整合開發環境_Geany,Development;
#自由教材,,,,,,,,,,,
openc.desktop,無限延伸的自由世界,自由內容、自由教材及公共版權的考題補給站相關介紹,自由教材網,无限扩展的自由世界,自由内容、自由教材及公共版权的考题补给站相关介绍,自由教材网,無限延伸的自由世界,無限延伸的自由世界,自由內容、自由教材及公共版權的考題補給站相關介紹,自由教材網,Opencontent;
phet.desktop,動畫模擬教學_PhET,PhET包含了物理生物化學地球科學數學等100多個動畫模擬教學範例,動畫模擬教學_PhET,动画仿真教学_PhET,PhET包含了物理生物化学地球科学数学等100多個動畫模擬教學範例,动画仿真教学_PhET,PublicDomainEdu_PhET,動畫模擬教學_PhET,PhET包含了物理生物化學地球科學數學等100多個動畫模擬教學範例,動畫模擬教學_PhET,Opencontent;
usgs.desktop,地震動畫教學_USGS,這是美國地質調查局USGS所製作的地震動畫教學範例,地震動畫教學_USGS,地震动画教学_USGS,这是美国地质调查局USGS所制作的地震动画教学样例,地震动画教学_USGS,PublicDomainEdu_USGS,地震動畫教學_USGS,這是美國地質調查局USGS所製作的地震動畫教學範例,地震動畫教學_USGS,Opencontent;
npa.desktop,物理動畫教學_Flash Animations for Physics,物理動畫教學適合國高中以上的物理課程，例如向量波力學等教學動畫,物理動畫教學_Flash Animations for Physics,物理动画教学_FlashAnimationsforPhysics,物理动画教学适合国高中以上的物理课程，例如向量波力学等教学动画,物理动画教学_FlashAnimationsforPhysics,PublicDomainEdu_Flash Animations for Physics,物理動畫教學_Flash Animations for Physics,物理動畫教學適合國高中以上的物理課程，例如向量波力學等教學動畫,物理動畫教學_Flash Animations for Physics,Opencontent;
chemical_struct.desktop,化學構造資料庫_Chemical Structure,化學構造資料庫依照官能基將有機分子分類，適合高中及大學化學生物等課程,化學構造資料庫_Chemical Structure,化学构造数据库_ChemicalStructure,化学构造数据库依照官能基将有机分子分类，适合高中及大学化学生物等课程,化学构造数据库_ChemicalStructure,PublicDomainEdu_Chemical Structure,化學構造資料庫_Chemical Structure,化學構造資料庫依照官能基將有機分子分類，適合高中及大學化學生物等課程,化學構造資料庫_Chemical Structure,Opencontent;
gsyan.desktop,顏國雄老師 Flash 教材,台北市力行國小顏國雄老師開發的 Flash 教材,顏國雄老師 Flash 教材,颜国雄老师 Flash 教材,台北市力行国小颜国雄老师开发的 Flash 教材,颜国雄老师 Flash 教材,Chinese_GSYan Flash,顏國雄老師 Flash 教材,台北市力行國小顏國雄老師開發的 Flash 教材,顏國雄老師 Flash 教材,Opencontent;
ezgo-wordtest.desktop,字音字形網體驗版,花蓮線明廉國小陳立輝老師所開發的字音字形網的離線體驗版，由成功大學學生製作,字音字形網體驗版,字音字形网体验版,花莲县明廉国小陈立辉老师所开发的字音字形网的离线体验版，由成功大学学生制作,字音字形网体验版,Chinese_Words,字音字形網體驗版,花蓮線明廉國小陳立輝老師所開發的字音字形網的離線體驗版，由成功大學學生製作,字音字形網體驗版,Opencontent;
#教師工具,,,,,,,,,,,
Open-Sankore.desktop,電子白板_Open Sankore,一套開放源碼互動式電子白板軟體,電子白板_Open Sankore,电子白板_OpenSankore,一套开放源码交互式电子白板软件,电子白板_OpenSankore,Misc_Open Sankore,電子白板_Open Sankore,一套開放源碼互動式電子白板軟體,電子白板_Open Sankore,Tutorial;
jclic.desktop,教學設計_jClic,JClic 是一個電腦教學應用軟體，用於設計不同類型的教育活動，如拼圖，關聯，文字練習，填字遊戲等,教學設計_jClic,教学设计_jClic,JClic是一个计算机教学应用软件，用于设计不同类型的教育活动，如拼图，关联，文字练习，填字游戏等,教学设计_jClic,Misc_jClic,教學設計_jClic,JClic 是一個電腦教學應用軟體，用於設計不同類型的教育活動，如拼圖，關聯，文字練習，填字遊戲等,教學設計_jClic,Tutorial;
jclicauthor.desktop,教學設計_jClic Author,JClic 是一個電腦教學應用軟體，用於設計不同類型的教育活動，如拼圖，關聯，文字練習，填字遊戲等,教學設計_jClic Author,教学设计_jClicAuthor,JClic是一个计算机教学应用软件，用于设计不同类型的教育活动，如拼图，关联，文字练习，填字游戏等,教学设计_jClicAuthor,Misc_jClic Author,教學設計_jClic Author,JClic 是一個電腦教學應用軟體，用於設計不同類型的教育活動，如拼圖，關聯，文字練習，填字遊戲等,教學設計_jClic Author,Tutorial;
jclicreports.desktop,教學設計_jClic Report Server,JClic 是一個電腦教學應用軟體，用於設計不同類型的教育活動，如拼圖，關聯，文字練習，填字遊戲等,教學設計_jClic Report Server,教学设计_jClicReportServer,JClic是一个计算机教学应用软件，用于设计不同类型的教育活动，如拼图，关联，文字练习，填字游戏等,教学设计_jClicReportServer,Misc_jClic Report Server,教學設計_jClic Report Server,JClic 是一個電腦教學應用軟體，用於設計不同類型的教育活動，如拼圖，關聯，文字練習，填字遊戲等,教學設計_jClic Report Server,Tutorial;
ardesia.desktop,桌面畫筆_Ardesia,可錄製桌面塗鴉的軟體,桌面畫筆_Ardesia,桌面画笔_Ardesia,可录制桌面涂鸦的软件,桌面画笔_Ardesia,Misc_Ardesia,桌面畫筆_Ardesia,可錄製桌面塗鴉的軟體,桌面畫筆_Ardesia,Tutorial;
curtain.desktop,布幕程式_Curtain,模擬背景，布幕的軟體,布幕程式_Curtain,布幕程序_Curtain,仿真后台，布幕的软件,布幕程序_Curtain,Misc_Curtain,布幕程式_Curtain,模擬背景，布幕的軟體,布幕程式_Curtain,Tutorial;
spotlighter.desktop,聚光燈_Spotlighter,顯示和移動聚光燈的軟體,聚光燈_Spotlighter,聚光灯_Spotlighter,显示和移动聚光灯的软件,聚光灯_Spotlighter,Misc_Spotlighter,聚光燈_Spotlighter,顯示和移動聚光燈的軟體,聚光燈_Spotlighter,Tutorial;
easystroke.desktop,滑鼠手勢_Easystroke,可設定滑鼠手勢來執行電腦相關作業的軟體,滑鼠手勢_Easystroke,鼠标手势_Easystroke,可设置鼠标手势来执行计算机相关作业的软件,鼠标手势_Easystroke,Misc_Easystroke,滑鼠手勢_Easystroke,可設定滑鼠手勢來執行電腦相關作業的軟體,滑鼠手勢_Easystroke,Tutorial;
qjoypad.desktop,搖桿模擬器_QJoyPad,將 USB 搖桿上的按鍵直接對映到鍵盤按鍵的軟體,搖桿模擬器_QJoyPad,摇杆模拟器_QJoyPad,将USB摇杆上的按键直接映射到键盘按键的软件,摇杆仿真器_QJoyPad,Misc_QJoyPad,搖桿模擬器_QJoyPad,將 USB 搖桿上的按鍵直接對映到鍵盤按鍵的軟體,搖桿模擬器_QJoyPad,Tutorial;
wiican.desktop,Wiimote設定_Wiican,Wiimote 連線及快速鍵設定的軟體,Wiimote設定_Wiican,Wiimote设置_Wiican,Wiimote连接及快速键设置的软件,Wiimote设置_Wiican,Misc_Wiican,Wiimote設定_Wiican,Wiimote 連線及快速鍵設定的軟體,Wiimote設定_Wiican,Tutorial;
wminput.desktop,Wii 手把設定_Wminput,Ｗiimote 手把連線設定軟體,Wii 手把設定_Wminput,Wii手把设置_Wminput,Ｗiimote手把连接设置软件,Wii手把设置_Wminput,Misc_Wminput,Wii 手把設定_Wminput,Ｗiimote 手把連線設定軟體,Wii 手把設定_Wminput,Tutorial;
samba.desktop,網路芳鄰_samba,快速設定網路芳鄰的程式,網路芳鄰_samba,网上邻居_samba,快速设置网上邻居的程序,网上邻居_samba,Misc_samba,網路芳鄰_samba,快速設定網路芳鄰的程式,網路芳鄰_samba,Tutorial;
lampp.desktop,教學伺服器_lampp,可以讓你快速安裝教學伺服器的安裝程式,教學伺服器_lampp,教学服务器_lampp,可以让你快速安装教学服务器的安装程序,教学服务器_lampp,Misc_lampp,教學伺服器_lampp,可以讓你快速安裝教學伺服器的安裝程式,教學伺服器_lampp,Tutorial;
italc.desktop,螢幕廣播_iTALC,iTALC 是一個可以用於電腦教室螢幕廣播與監控的軟體,螢幕廣播_iTALC,屏幕广播_iTALC,iTALC是一个可以用于计算机教室屏幕广播与监控的软件,屏幕广播_iTALC,Misc_iTALC,螢幕廣播_iTALC,iTALC 是一個可以用於電腦教室螢幕廣播與監控的軟體,螢幕廣播_iTALC,Tutorial;
#附屬應用程式,,,,,,,,,,,
# file-roller.desktop: 20141107 added by Franklin,,,,,,,,,,,
file-roller.desktop,檔案壓縮_ArchiveManager,Gnome上的檔案壓縮管理程式,檔案壓縮_ArchiveManager,档案压缩_ArchiveManager,Gnome上的文档压缩管理程序,档案压缩_ArchiveManager,FileArchiver_ArchiveManager,檔案壓縮_ArchiveManager,Gnome上的檔案壓縮管理程式,檔案壓縮_ArchiveManager,Utility;
kate.desktop,文字編輯_Kate,常用文字編輯軟體,文字編輯_Kate,文字编辑_Kate,常用文字编辑软件,文字编辑_Kate,Editor_Kate,文字編輯_Kate,常用文字編輯軟體,文字編輯_Kate,Utility;
org.kde.kate.desktop,文字編輯_Kate,常用文字編輯軟體,文字編輯_Kate,文字编辑_Kate,常用文字编辑软件,文字编辑_Kate,Editor_Kate,文字編輯_Kate,常用文字編輯軟體,文字編輯_Kate,Utility;
gvim.desktop,文字編輯_Gvim,vim 文字編輯器,文字編輯_Gvim,文字编辑_Gvim,vim文字编辑器,文字编辑_Gvim,Editor_Gvim,文字編輯_Gvim,vim 文字編輯器,文字編輯_Gvim,Utility;
vim.desktop,文字編輯_vim,vim 文字編輯器,文字編輯_vim,文字编辑_vim,vim文字编辑器,文字编辑_vim,Editor_vim,文字編輯_vim,vim 文字編輯器,文字編輯_vim,Utility;
# leafpad.desktop, galculator.desktop: 20141107 added by Franklin,,,,,, galculator.desktop: 20141107 added by Franklin, galculator.desktop: 20141107 added by Franklin,,,
leafpad.desktop,文字編輯_Leafpad,簡易文字編輯器,文字編輯_Leafpad,文字编辑_Leafpad,简易文字编辑器,文字编辑_Leafpad,Editor_Leafpad,文字編輯_Leafpad,簡易文字編輯器,文字編輯_Leafpad,Utility;
galculator.desktop,計算機_Galculator,科學計算機軟體,計算機_Galculator,计算器_Galculator,科学计算器软件,计算器_Galculator,Calculator_Galculator,計算機_Galculator,科學計算機軟體,計算機_Galculator,Utility;
knotes.desktop,螢幕便利貼_KNotes,在螢幕上貼便條,螢幕便利貼_KNotes,屏幕便利贴_KNotes,在屏幕上贴便条,屏幕便利贴_KNotes,Notes_KNotes,螢幕便利貼_KNotes,在螢幕上貼便條,螢幕便利貼_KNotes,Utility;
org.kde.knotes.desktop,螢幕便利貼_KNotes,在螢幕上貼便條,螢幕便利貼_KNotes,屏幕便利贴_KNotes,在屏幕上贴便条,屏幕便利贴_KNotes,Notes_KNotes,螢幕便利貼_KNotes,在螢幕上貼便條,螢幕便利貼_KNotes,Utility;
# xpad.desktop: 20141107 added by Franklin,,,,,,,,,,,
xpad.desktop,螢幕便利貼_Xpad,在螢幕上貼便條,螢幕便利貼_Xpad,屏幕便利贴_Xpad,在屏幕上贴便条,屏幕便利贴_Xpad,Notes_Xpad,螢幕便利貼_Xpad,在螢幕上貼便條,螢幕便利貼_Xpad,Utility;
kcalc.desktop,計算機_KCalc,KDE 上的計算機軟體,計算機_KCalc,计算器_KCalc,KDE上的计算器软件,计算器_KCalc,Calculator_KCalc,計算機_KCalc,KDE 上的計算機軟體,計算機_KCalc,Utility;
org.kde.kcalc.desktop,計算機_KCalc,KDE 上的計算機軟體,計算機_KCalc,计算器_KCalc,KDE上的计算器软件,计算器_KCalc,Calculator_KCalc,計算機_KCalc,KDE 上的計算機軟體,計算機_KCalc,Utility;
kmag.desktop,放大鏡_KMag,放大螢幕的某部份,放大鏡_KMag,放大镜_KMag,放大屏幕的某部份,放大镜_KMag,Magnifier_KMag,放大鏡_KMag,放大螢幕的某部份,放大鏡_KMag,Utility;
virtualbox.desktop,虛擬機器_VirtualBox,類似vmware的虛擬機器，並可以在上面安裝其他作業系統,虛擬機器_VirtualBox,虛擬機器_VirtualBox,類似vmware的虛擬機器，並可以在上面安裝其他作業系統,虛擬機器_VirtualBox,VM_VirtualBox,虛擬機器_VirtualBox,類似vmware的虛擬機器，並可以在上面安裝其他作業系統,虛擬機器_VirtualBox,Utility;
kvkbd.desktop,虛擬鍵盤_Kvkbd,可以呼叫出系統的虛擬鍵盤來使用,虛擬鍵盤_Kvkbd,虚拟键盘_Kvkbd,可以调用出系统的虚拟键盘来使用,虚拟键盘_Kvkbd,VirtualKB_Kvkbd,虛擬鍵盤_Kvkbd,可以呼叫出系統的虛擬鍵盤來使用,虛擬鍵盤_Kvkbd,Utility;
kmousetool.desktop,滑鼠工具_KMousetool,幫您重覆點擊避免手腕傷害,滑鼠工具_KMousetool,鼠标工具_KMousetool,帮您重复点击避免手腕伤害,鼠标工具_KMousetool,MouseTool_KMousetool,滑鼠工具_KMousetool,幫您重覆點擊避免手腕傷害,滑鼠工具_KMousetool,Utility;
synaptiks.desktop,觸控板設定_Synaptiks,筆電觸控版的管理程式,觸控板設定_Synaptiks,触控板设置_Synaptiks,笔电触控版的管理程序,触控板设置_Synaptiks,Touchpanel_Synaptiks,觸控板設定_Synaptiks,筆電觸控版的管理程式,觸控板設定_Synaptiks,Utility;
ark.desktop,壓縮工具_Ark,可以壓縮和解壓縮的軟體,壓縮工具_Ark,压缩工具_Ark,可以压缩和解压缩的软件,压缩工具_Ark,FileArchiver_Ark,壓縮工具_Ark,可以壓縮和解壓縮的軟體,壓縮工具_Ark,Utility;
org.kde.ark.desktop,壓縮工具_Ark,可以壓縮和解壓縮的軟體,壓縮工具_Ark,压缩工具_Ark,可以压缩和解压缩的软件,压缩工具_Ark,FileArchiver_Ark,壓縮工具_Ark,可以壓縮和解壓縮的軟體,壓縮工具_Ark,Utility;
7zip.desktop,壓縮工具_7zip,跨平台壓縮和解壓縮的軟體，可以避免在解壓縮時，因為不同平台而出現中文檔名亂碼的問題,壓縮工具_7zip,压缩工具_7zip,跨平台压缩和解压缩的软件，可以避免在解压缩时，因为不同平台而出现中文文件名乱码的问题,压缩工具_7zip,FileArchiver_7zip,壓縮工具_7zip,跨平台壓縮和解壓縮的軟體，可以避免在解壓縮時，因為不同平台而出現中文檔名亂碼的問題,壓縮工具_7zip,Utility;
klipper.desktop,剪貼簿_Klipper,KDE 上強大的剪貼簿軟體,剪貼簿_Klipper,剪贴板_Klipper,KDE上强大的剪贴板软件,剪贴板_Klipper,Clipboard_Klipper,剪貼簿_Klipper,KDE 上強大的剪貼簿軟體,剪貼簿_Klipper,Utility;
org.kde.klipper.desktop,剪貼簿_Klipper,KDE 上強大的剪貼簿軟體,剪貼簿_Klipper,剪贴板_Klipper,KDE上强大的剪贴板软件,剪贴板_Klipper,Clipboard_Klipper,剪貼簿_Klipper,KDE 上強大的剪貼簿軟體,剪貼簿_Klipper,Utility;
akonaditray.desktop,系統工具_Akonaditray,系統工具管理程式,系統工具_Akonaditray,系统工具_Akonaditray,系统工具管理程序,系统工具_Akonaditray,System_Akonaditray,系統工具_Akonaditray,系統工具管理程式,系統工具_Akonaditray,Utility;
tomboy.desktop,筆記_Tomboy,類似便利貼，可用來記事的軟體,筆記_Tomboy,笔记_Tomboy,类似便利贴，可用来记事的软件,笔记_Tomboy,Notes_Tomboy,筆記_Tomboy,類似便利貼，可用來記事的軟體,筆記_Tomboy,Utility;
gedit.desktop,文字編輯_gedit,文字檔編輯軟體,文字編輯_gedit,文字编辑_gedit,文本编辑软件,文字编辑_gedit,Editor_gedit,文字編輯_gedit,文字檔編輯軟體,文字編輯_gedit,Utility;
gnome-screenshot.desktop,螢幕截圖_screenshot,可將桌面或使用中的視窗截取為圖片的軟體,螢幕截圖_screenshot,屏幕截图_screenshot,可将桌面或使用中的窗口截取为图片的软件,屏幕截图_screenshot,Screenshot_screenshot,螢幕截圖_screenshot,可將桌面或使用中的視窗截取為圖片的軟體,螢幕截圖_screenshot,Utility;
gcalctool.desktop,計算機_gcalctool,進行數字、科學或金融的計算,計算機_gcalctool,计算器_gcalctool,进行数字、科学或金融的计算,计算器_gcalctool,Calculator_gcalctool,計算機_gcalctool,進行數字、科學或金融的計算,計算機_gcalctool,Utility;
convertall.desktop,單位換算_ConvertAll,單位換算軟體,單位換算_ConvertAll,单位换算_ConvertAll,单位换算软件,单位换算_ConvertAll,UnitConvert_ConvertAll,單位換算_ConvertAll,單位換算軟體,單位換算_ConvertAll,Utility;
python-whiteboard.desktop,電子白板_Whiteboard,wiimote 白板用的定位軟體,電子白板_Whiteboard,电子白板_Whiteboard,wiimote白板用的定位软件,电子白板_Whiteboard,Misc_Whiteboard,電子白板_Whiteboard,wiimote 白板用的定位軟體,電子白板_Whiteboard,Utility;
gnome-terminal.desktop,終端機_Terminal,使用命令列來執行相關作業,終端機_Terminal,终端机_Terminal,使用命令列来执行相关作业,终端机_Terminal,Utils_Terminal,終端機_Terminal,使用命令列來執行相關作業,終端機_Terminal,Utility;
posterazor.desktop,分割列印_PosteRazor,可將大圖片或海報，分割各種尺寸的軟體,分割列印_PosteRazor,分割打印_PosteRazor,可将大图片或海报，分割各种尺寸的软件,分割打印_PosteRazor,Utils_PosteRazor,分割列印_PosteRazor,可將大圖片或海報，分割各種尺寸的軟體,分割列印_PosteRazor,Utility;
simple-scan.desktop,簡易掃瞄_Simple Scan,用於掃描文件的軟體,簡易掃瞄_Simple Scan,简易扫瞄_SimpleScan,用于扫描文件的软件,简易扫瞄_SimpleScan,Scanning_Simple Scan,簡易掃瞄_Simple Scan,用於掃描文件的軟體,簡易掃瞄_Simple Scan,Utility;
xsane.desktop,掃瞄器軟體_XSane,在Linux 下的支援多種掃瞄器驅動的軟體,掃瞄器軟體_XSane,扫瞄仪软件_XSane,在Linux下的支持多种扫瞄仪驱动的软件,扫描仪软件_XSane,Scanning_XSane,掃瞄器軟體_XSane,在Linux 下的支援多種掃瞄器驅動的軟體,掃瞄器軟體_XSane,Utility;
#ezgo工具箱,,,,,,,,,,,
my_ezgo.desktop,我的 ezgo,可清楚的看到硬體、網路、可移除裝置及系統等相關資訊,我的 ezgo,我的 ezgo,可清楚的看到硬件、网络、可删除设备及系统等相关信息,我的 ezgo,My ezgo,我的 ezgo,可清楚的看到硬體、網路、可移除裝置及系統等相關資訊,我的 ezgo,myezgo;
ezgo_center.desktop,ezgo 服務中心,ezgo 相關服務連結,ezgo 服務中心,ezgo 服务中心,ezgo相关服务连结,ezgo 服务中心,ezgo Center,ezgo 服務中心,ezgo 相關服務連結,ezgo 服務中心,myezgo;
ezinstall.desktop,ezgo 軟體中心,可以新增移除 ezgo 特別整理的軟體,ezgo 軟體中心,ezgo 软件中心,可以新增删除ezgo特别整理的软件,ezgo 软件中心,ezgo Software Center,ezgo 軟體中心,可以新增移除 ezgo 特別整理的軟體,ezgo 軟體中心,myezgo;
media_install_force.desktop,安裝推薦軟體,安裝常用的推薦軟體，例如 Flash 等,安裝推薦軟體,安装推薦软件,安装常用的推薦软件，例如 Flash 等,安装推薦软件,ezgo recommended software,安裝推薦軟體,安裝常用的推薦軟體，例如 Flash 等,安裝推薦軟體,myezgo;
media_install.desktop,安裝推薦軟體,安裝常用的推薦軟體，例如 Flash 等,安裝推薦軟體,安装推薦软件,安装常用的推薦软件，例如 Flash 等,安装推薦软件,ezgo recommended3rd party software,安裝推薦軟體,安裝常用的推薦軟體，例如 Flash 等,安裝推薦軟體,myezgo;
update_ezgo.desktop,ezgo 更新程式,將 ezgo 進行程式更新,ezgo 更新程式,ezgo 更新程序,将ezgo进行程序更新,ezgo 更新程序,ezgo update,ezgo 更新程式,將 ezgo 進行程式更新,ezgo 更新程式,myezgo;
recover.desktop,使用者還原設定,還原使用者在 ezgo 下的環境設定,使用者還原設定,用户还原设置,还原用户在ezgo下的环境设置,用户还原初始设置,ezgo user recovery,使用者還原設定,還原使用者在 ezgo 下的環境設定,使用者還原設定,myezgo;
skel.desktop,還原 ezgo 初始設定,將您的 ezgo 還原至安裝時的初始設定,還原 ezgo 初始設定,还原 ezgo 初始设置,将您的ezgo还原至安装时的初始设置,还原 ezgo 初始设置,Factory default recovery,還原 ezgo 初始設定,將您的 ezgo 還原至安裝時的初始設定,還原 ezgo 初始設定,myezgo;
#系統,,,,,,,,,,,
org.kde.discover.desktop,套件管理_Discover,KDE系統中用來管理套件的軟體,套件管理_Discover,套件管理_Discover,KDE系统中用来管理套件的软件,套件管理_Discover,Package_Discover,套件管理_Discover,KDE系統中用來管理套件的軟體,套件管理_Discover,System;
org.kde.apper.desktop,套件管理_Apper,KDE系統中用來管理套件的軟體,套件管理_Apper,套件管理_Apper,KDE系统中用来管理套件的软件,套件管理_Apper,Package_Apper,套件管理_Apper,KDE系統中用來管理套件的軟體,套件管理_Apper,System;
freefilesync.desktop,檔案備份_FreeFileSync,很好用的檔案與資料夾同步備份軟體,檔案備份_FreeFileSync,文件备份_FreeFileSync,很好用的文件与数据夹同步备份软件,文件备份_FreeFileSync,FileSync_FreeFileSync,檔案備份_FreeFileSync,很好用的檔案與資料夾同步備份軟體,檔案備份_FreeFileSync,System;
PlayOnLinux.desktop,Wine版本管理_PlayOnLinux,管理系統中 Wine 版本的工具,Wine版本管理_PlayOnLinux,Wine版本管理_PlayOnLinux,管理系統中 Wine 版本的工具,Wine版本管理_PlayOnLinux,PlayOnLinux,Wine版本管理_PlayOnLinux,管理系統中 Wine 版本的工具,Wine版本管理_PlayOnLinux,System;
realtimesync.desktop,即時同步_RealTimeSync,很好用的檔案與資料夾同步備份軟體,即時同步_RealTimeSync,即时同步_RealTimeSync,很好用的文件与数据夹同步备份软件,即时同步_RealTimeSync,FileSync_RealTimeSync,即時同步_RealTimeSync,很好用的檔案與資料夾同步備份軟體,即時同步_RealTimeSync,System;
muon-installer.desktop,Muon 軟體中心,用於新增移除軟體的軟體中心,Muon 軟體中心,Muon 软件中心,用于新增或删除软件的软件中心,Muon软件中心,Software_Muon 軟體中心,Muon 軟體中心,用於新增移除軟體的軟體中心,Muon 軟體中心,System;
muon.desktop,套件管理員_Muon,用於新增移除軟體及程式套件的軟體中心,套件管理員_Muon,组件管理员_Muon,用于新增或删除软件及程序组件的软件中心,组件管理员_Muon,Software_套件管理員_Muon,套件管理員_Muon,用於新增移除軟體及程式套件的軟體中心,套件管理員_Muon,System;
usb-creator-gtk.desktop,ezgo開機碟製作_usb-creator-gtk,ezgo開機碟製作程式,ezgo開機碟製作_usb-creator-gtk,ezgo开机U盘制作_usb-creator-gtk,ezgo开机U盘制作程序,ezgo开机U盘制作_usb-creator-gtk,BootUSBCreator_usb-creator-gtk,ezgo開機碟製作_usb-creator-gtk,ezgo開機碟製作程式,ezgo開機碟製作_usb-creator-gtk,System;
usb-creator-kde.desktop,ezgo開機碟製作_usb-creator,ezgo開機碟製作程式,ezgo開機碟製作_usb-creator,ezgo开机U盘制作_usb-creator,ezgo开机U盘制作程序,ezgo开机U盘制作_usb-creator,BootUSBCreator_usb-creator,ezgo開機碟製作_usb-creator,ezgo開機碟製作程式,ezgo開機碟製作_usb-creator,System;
unetbootin.desktop,Linux開機碟製作_UNetbootin,Linux開機碟製作程式,Linux開機碟製作_UNetbootin,Linux开机U盘制作_UNetbootin,Linux开机U盘制作程序,Linux开机U盘制作_UNetbootin,BootUSBCreator_UNetbootin,Linux開機碟製作_UNetbootin,Linux開機碟製作程式,Linux開機碟製作_UNetbootin,System;
partitionmanager.desktop,磁碟分割_KDE Partition Manager,可以輕鬆的管理您的磁碟、分割區與檔案系統,磁碟分割_KDE Partition Manager,磁盘分区管理_KDEPartitionManager,可以轻松管理您的磁盘、分区与文件系统,磁盘分区管理_KDEPartitionManager,DiskPartition_KDE Partition Manager,磁碟分割_KDE Partition Manager,可以輕鬆的管理您的磁碟、分割區與檔案系統,磁碟分割_KDE Partition Manager,System;
org.gnome.DiskUtility.desktop,磁碟分割_DiskUtility,可以輕鬆的管理您的磁碟、分割區與檔案系統,磁碟分割_DiskUtility,磁盘分区管理_DiskUtility,可以轻松管理您的磁盘、分区与文件系统,磁盘分区管理_DiskUtility,DiskPartition_DiskUtility,磁碟分割_DiskUtility,可以輕鬆的管理您的磁碟、分割區與檔案系統,磁碟分割_DiskUtility,System;
org.kde.PartitionManager.desktop,磁碟分割_KDE Partition Manager,可以輕鬆的管理您的磁碟、分割區與檔案系統,磁碟分割_KDE Partition Manager,磁盘分区管理_KDEPartitionManager,可以轻松管理您的磁盘、分区与文件系统,磁盘分区管理_KDEPartitionManager,DiskPartition_KDE Partition Manager,磁碟分割_KDE Partition Manager,可以輕鬆的管理您的磁碟、分割區與檔案系統,磁碟分割_KDE Partition Manager,System;
# gnome-disks.desktop: 20141107 added by Franklin,,,,,,,,,,,
gnome-disks.desktop,磁碟管理_GnomeDisks,Gnome 上的磁碟管理程式,磁碟管理_GnomeDisks,磁碟管理_GnomeDisks,Gnome 上的磁碟管理软件,磁碟管理_GnomeDisks,DiskPartition_GnomeDisks,磁碟管理_GnomeDisks,Gnome 上的磁碟管理程式,磁碟管理_GnomeDisks,System;
konsole.desktop,終端機_Konsole,KDE 上的終端機模擬程式,終端機_Konsole,终端机_Konsole,KDE上的终端機仿真程序,终端机_Konsole,Terminal_Konsole,終端機_Konsole,KDE 上的終端機模擬程式,終端機_Konsole,System;
org.kde.konsole.desktop,終端機_Konsole,KDE 上的終端機模擬程式,終端機_Konsole,终端机_Konsole,KDE上的终端機仿真程序,终端机_Konsole,Terminal_Konsole,終端機_Konsole,KDE 上的終端機模擬程式,終端機_Konsole,System;
# lxterminal.desktop: 20141107 added by Franklin,,,,,,,,,,,
lxterminal.desktop,終端機_Lxterminal,LXDE 上的終端機模擬程式,終端機_Lxterminal,终端机_Lxterminal,LXDE 上的终端机仿真程序,终端机_Lxterminal,Terminal_Lxterminal,終端機_Lxterminal,LXDE 上的終端機模擬程式,終端機_Lxterminal,System;
dolphin.desktop,檔案總管_Dolphin,類似 Windows 下的檔案總管，可查看及管理資料夾中的檔案,檔案總管_Dolphin,文件总管_Dolphin,类似Windows下的资源管理器，可以查看及管理数据夹中的文件,文件总管_Dolphin,FileManager_Dolphin,檔案總管_Dolphin,類似 Windows 下的檔案總管，可查看及管理資料夾中的檔案,檔案總管_Dolphin,Utility;Qt;KDE;System;FileTools;FileManager;
nautilus.desktop,檔案總管_nautilus,類似 Windows 下的檔案總管，可查看及管理資料夾中的檔案,檔案總管_nautilus,文件总管_nautilus,类似Windows下的资源管理器，可以查看及管理数据夹中的文件,文件总管_nautilus,FileManager_nautilus,檔案總管_nautilus,類似 Windows 下的檔案總管，可查看及管理資料夾中的檔案,檔案總管_nautilus,Utility;GTK;Gnome;System;FileTools;FileManager;
org.kde.dolphin.desktop,檔案總管_Dolphin,類似 Windows 下的檔案總管，可查看及管理資料夾中的檔案,檔案總管_Dolphin,文件总管_Dolphin,类似Windows下的资源管理器，可以查看及管理数据夹中的文件,文件总管_Dolphin,FileManager_Dolphin,檔案總管_Dolphin,類似 Windows 下的檔案總管，可查看及管理資料夾中的檔案,檔案總管_Dolphin,Utility;Qt;KDE;System;FileTools;FileManager;
# pcmanfm: 20141106 added by Franklin,,,,,,,,,,,
pcmanfm.desktop,檔案總管_PCManFM,類似 Windows 下的檔案總管，可查看及管理資料夾中的檔案,檔案總管_PCManFM,文件总管_PCManFM,类似Windows下的资源管理器，可以查看及管理数据夹中的文件,文件总管_PCManFM,FileManager_PCManFM,檔案總管_PCManFM,類似 Windows 下的檔案總管，可查看及管理資料夾中的檔案,檔案總管_PCManFM,FileManager;Utility;System;
krandrtray.desktop,螢幕設定_KrandRTray,可調整螢幕大小及相關設定,螢幕設定_KrandRTray,屏幕设置_KrandRTray,可以调整屏幕分辨率及相关设置,屏幕设置_KrandRTray,ScreenResolution_KrandRTray,螢幕設定_KrandRTray,可調整螢幕大小及相關設定,螢幕設定_KrandRTray,System;
my-computer.desktop,系統資訊_My Computer,可清楚的看到硬體、網路、可移除裝置及系統等相關資訊,系統資訊_My Computer,系统信息_MyComputer,可以清楚地看到硬件、网络、可删除设备及系统等相关信息,系统信息_MyComputer,System_My Computer,系統資訊_My Computer,可清楚的看到硬體、網路、可移除裝置及系統等相關資訊,系統資訊_My Computer,System;
org.kde.ksystemlog.desktop,系統紀錄_KsystemLog,完整的系統紀錄列表,系統紀錄_KsystemLog,系统纪录_KsystemLog,可以查看完整的系统日志信息,系统纪录_KsystemLog,System_KsystemLog,系統紀錄_KsystemLog,完整的系統紀錄列表,系統紀錄_KsystemLog,System;
ksystemlog.desktop,系統紀錄_KsystemLog,完整的系統紀錄列表,系統紀錄_KsystemLog,系统纪录_KsystemLog,可以查看完整的系统日志信息,系统纪录_KsystemLog,System_KsystemLog,系統紀錄_KsystemLog,完整的系統紀錄列表,系統紀錄_KsystemLog,System;
ksysguard.desktop,系統監視器_Ksysguard,顯示系統軟體執行現況,系統監視器_Ksysguard,系统监视器_Ksysguard,可以查看系统软件执行实时状况,系统监视器_Ksysguard,System_Ksysguard,系統監視器_Ksysguard,顯示系統軟體執行現況,系統監視器_Ksysguard,System;
org.kde.ksysguard.desktop,系統監視器_Ksysguard,顯示系統軟體執行現況,系統監視器_Ksysguard,系统监视器_Ksysguard,可以查看系统软件执行实时状况,系统监视器_Ksysguard,System_Ksysguard,系統監視器_Ksysguard,顯示系統軟體執行現況,系統監視器_Ksysguard,System;
kinfocenter.desktop,系統資訊_Kinfocenter,顯示系統相關資訊,系統資訊_Kinfocenter,系统信息_Kinfocenter,可以显示电脑系统相关信息,系统信息_Kinfocenter,System_Kinfocenter,系統資訊_Kinfocenter,顯示系統相關資訊,系統資訊_Kinfocenter,System;
org.kde.kinfocenter.desktop,系統資訊_Kinfocenter,顯示系統相關資訊,系統資訊_Kinfocenter,系统信息_Kinfocenter,可以显示电脑系统相关信息,系统信息_Kinfocenter,System_Kinfocenter,系統資訊_Kinfocenter,顯示系統相關資訊,系統資訊_Kinfocenter,System;
jockey-kde.desktop,額外驅動程式_jockey-kde,可以檢視及安裝額外的驅動程式,額外驅動程式_jockey-kde,额外驱动程序_jockey-kde,可以查看及安装额外的驱动程序,额外驱动程序_jockey-kde,System_jockey-kde,額外驅動程式_jockey-kde,可以檢視及安裝額外的驅動程式,額外驅動程式_jockey-kde,System;
nepomukbackup.desktop,備份工具_Nepomuk Backup,系統備份工具,備份工具_Nepomuk Backup,备份工具_NepomukBackup,系统备份工具,备份工具_NepomukBackup,System_Nepomuk Backup,備份工具_Nepomuk Backup,系統備份工具,備份工具_Nepomuk Backup,System;
nepomukcontroller.desktop,備份工具_Nepomuk Controller,系統備份主控台,備份工具_Nepomuk Controller,备份工具_NepomukController,系统备份主控台,备份工具_NepomukController,System_Nepomuk Controller,備份工具_Nepomuk Controller,系統備份主控台,備份工具_Nepomuk Controller,System;
grub-customizer.desktop,開機設定_Grub Customizer,可以調整開機選單的順序等等的工具,開機設定_Grub Customizer,开机設定_Grub Customizer,可以调整 Grub 开机設定的工具,开机設定,System_Grub Customizer,開機設定_Grub Customizer,可以調整開機選單的順序等等的工具,開機設定_Grub Customizer,System;
boot-repair.desktop,開機修復_Boot Repair,可以修復開機選單的工具,開機修復_Boot Repair,开机修复_Boot Repair,可以修复开机选单的工具,开机修复_Boot Repair,System_Boot Repair,開機修復_Boot Repair,可以修復開機選單的工具,開機修復_Boot Repair,System;
#設定,,,,,,,,,,,
systemsettings.desktop,系統設定_System Settings,類似 Windows 下的控制台，可以進行 ezgo 各項系統環境設定,系統設定_System Settings,系统设置_SystemSettings,类似Windows下的控制面板，可以进行ezgo各项系统环境设置,系统设置_SystemSettings,System_System Settings,系統設定_System Settings,類似 Windows 下的控制台，可以進行 ezgo 各項系統環境設定,系統設定_System Settings,Settings;
hime-setup.desktop,輸入法設定_hime,中文輸入法相關設定,輸入法設定_hime ,输入法设置_hime,中文输入法相关设置,输入法设置_hime,System_hime,輸入法設定_hime,中文輸入法相關設定,輸入法設定_hime ,Settings;
fcitx-configtool.desktop,輸入法設定_Fcitx,Fcitx 輸入法相關設定,輸入法設定_Fcitx,输入法设定_fcitx,Fcitx 输入法相关设定,输入法设定_Fcitx,System_Fcitx,輸入法設定_Fcitx,Fcitx 輸入法相關設定,輸入法設定_Fcitx,Settings;
ibus-setup.desktop,輸入法設定_ibus,ibus 輸入法相關設定,輸入法設定_ibus,输入法设定_ibus,ibus 输入法相关设定,输入法设定_ibus,System_ibus,輸入法設定_ibus,ibus 輸入法相關設定,輸入法設定_ibus,Settings;
qtconfig-qt4.desktop,Qt 4 設定_qtconfig-qt4,Qt 4 相關設定,Qt 4 設定_qtconfig-qt4,Qt 4 设置_qtconfig-qt4,Qt4相关设置,Qt4设置_qtconfig-qt4,System_qtconfig-qt4,Qt 4 設定_qtconfig-qt4,Qt 4 相關設定,Qt 4 設定_qtconfig-qt4,Settings;
xinput_calibrator.desktop,觸控螢幕設定_Calibrate Touchscreen,觸控螢幕相關設定,觸控螢幕設定_Calibrate Touchscreen,触控屏幕设置_CalibrateTouchscreen,触控屏幕相关设置,触控屏幕设置_CalibrateTouchscreen,System_Calibrate Touchscreen,觸控螢幕設定_Calibrate Touchscreen,觸控螢幕相關設定,觸控螢幕設定_Calibrate Touchscreen,Settings;
#ezgomenu end,,,,,,,,,,,
